CHARGE CODE;rate_final;TIPO DE RENTA
FREOEQ_003;4.24;
FREOEQ_004;4.24;
FREOEQBM_005;12.9;
FREOEQBM_006;12.9;
FREOEQBM_007;12.9;
FREOEQBM_008;12.9;
FREOEQBM_009;12.9;
FREOEQBM_010;12.9;
FREOEQBM_011;372.8;
FREREQD_001;100;
FREREQD_002;100;
FREREQD_003;100;
FREREQD_004;100;
FREREQD_005;100;
FREREQD_006;100;
FREREQD_007;100;
FREREQD_008;100;
FREREQD_009;100;
FREREQD_010;100;
FREREQD_011;100;
FREREQD_012;100;
FREREQM_001;12.9;
FREREQM_002;12.9;
FREREQM_003;12.9;
FREREQM_004;29.9;
FREREQM_005;29.9;
FREREQM_006;29.9;
FREREQM_007;12.9;
FREREQM_008;29.9;
FREREQM_009;29.9;
FREREQM_010;29.9;
FREREQM_011;34.9;
FREREQM_012;39.9;
FRIOEQ_002;101.69;
FRIOEQ_004;0;
FRIOEQ_007;262.37;
FRIOEQ_008;152.03;
FRIOEQ_009;202.37;
FRIOEQ_009;253.22;
FRIOEQ_010;227.97;
FRIOEQ_011;227.97;
FRIOEQ_013;0;
FRIOEQ_015;67.8;
FRIOEQ_016;0;
FRIOEQ_017;0;
FRIOEQ_018;0;
FRIOEQ_019;0;
FRIOEQBM_001;309.6;
FRIOPL_001;1016.1;
FRIOPL_001;1100.85;
FRIOPL_001;1185.59;
FRIOPL_001;1271.19;
FRIOPL_001;1524.58;
FRIOPL_001;1778.81;
FRIOPL_001;338.98;
FRIOPL_001;550.85;
FRIOPL_001;593.22;
FRIOPL_001;635.59;
FRIOPL_001;677.12;
FRIOPL_002;1100.85;
FRIOPL_002;1355.08;
FRIOPL_002;1524.58;
FRIOPL_002;338.98;
FRIOPL_002;507.63;
FRIOPL_002;593.22;
FRIOPL_002;761.86;
FRIOPL_002;974.58;
FRIOPL_003;0;
FRIOPL_004;0;
FRIOPL_005;0;
FRIOPL_005;1016.95;
FRIOPL_005;338.98;
FRIOPL_005;593.22;
FRIOPL_006;0;
FRIOPL_006;338.98;
FRIORX_001;3.88;
FRIORX_002;3.88;
FRIORX_003;3.88;
FRIORX_004;3.88;
FRIORX_005;3.88;
FRIORX_006;84.75;
FRIOSE_001;1.7;
FRIOSE_002;101.69;
FRIOSE_003;41.18;
FRIOSE_004;58.47;
FRIOSE_005;847.46;
FRIOSE_006;423.73;
FRIOSE_007;1271.19;
FRIOSE_008;1694.91;
FRIOSE_009;2542.37;
FRIOSE_010;76.27;
FRIOSV_001;83.19;
FRIOSV_002;4.2;
FRIRCP_001;168.64;
FRIRCP_002;177.97;
FRIRCP_003;8.4;
FRIRCP_004;25.9;
FRIRCP_005;21.19;
FRIRCP_006;30;
FRIRCP_007;21.19;
FRIRCS_001;42.37;
FRIRCS_002;21.19;
FRIRCS_003;21.19;
FRIRDE_001;100;
FRIRDE_002;100;
FRIRDE_003;8.47;
FRIRDE_004;8.47;
FRIRDE_005;100;
FRIRDE_006;16.95;
FRIRDE_007;25.42;
FRIRDE_008;4.24;
FRIRDE_009;8.47;
FRIRDE_010;16.95;
FRIRDE_011;8.47;
FRIRDE_012;42.37;
FRIRDE_013;81.9;
FRIRDE_014;40.1;
FRIRDE_015;42.37;
FRIRDE_016;42.37;
FRIRDE_017;93.22;
FRIRDE_018;42.37;
FRIRDE_019;38.14;
FRIRDE_020;5;
FRIRDE_021;3.31;
FRIRDE_022;8.56;
FRIRDE_023;12.8;
FRIRDE_024;13.47;
FRIRDE_025;38.14;
FRIRDE_026;4.32;
FRIRDE_027;25.42;
FRIRDE_028;16.95;
FRIRDE_029;25.42;
FRIRDE_030;50.85;
FRIRDE_031;16.95;
FRIRDE_032;25.42;
FRIRDE_033;59.32;
FRIRDE_034;42.37;
FRIRDE_035;21.19;
FRIRDE_036;67.8;
FRIRDE_037;50.85;
FRIRDE_038;76.27;
FRIRDE_039;42.37;
FRIRDE_040;59.32;
FRIRDE_041;42.37;
FRIRDE_042;30.42;
FRIRDE_043;30.42;
FRIRDE_044;84.75;
FRIRDE_045;59.32;
FRIRDE_046;12;
FRIRDE_047;14;
FRIRDE_048;16;
FRIRDE_049;18;
FRIRDE_050;20;
FRIRDE_051;8.47;
FRIRDE_052;16.95;
FRIRDE_053;25.42;
FRIRDE_054;33.9;
FRIRDE_055;42.37;
FRIRDE_056;50.85;
FRIRDE_057;59.32;
FRIRDE_058;76.27;
FRIRDE_059;8.47;
FRIRDE_060;16.95;
FRIRDE_061;25.42;
FRIRDE_062;33.9;
FRIRDE_064;50.85;
FRIRDE_065;6.69;
FRIRDE_066;1.69;
FRIRDE_067;42.37;
FRIRDE_068;16.95;
FRIRDE_069;25.42;
FRIRDE_070;50.85;
FRIRDE_071;59.32;
FRIRDE_075;13.47;
FRIRDE_075;4.32;
FRIRDE_076;33.9;
FRIRDE_081;2.54;
FRIRDE_082;4.24;
FRIRDE_083;4.33;
FRIRDE_084;5.08;
FRIRDE_085;7.63;
FRIRDE_086;8.47;
FRIRDE_087;9.24;
FRIRDE_089;12.71;
FRIRDE_090;13.14;
FRIRDE_091;21.19;
FRIRDE_092;21.61;
FRIRDE_093;26.19;
FRIRDE_094;29.66;
FRIRDE_095;33.9;
FRIRDE_096;38.14;
FRIRDE_097;16.95;
FRIRDE_098;2.54;
FRIRDE_099;4.24;
FRIRDE_100;4.33;
FRIRDE_101;5.08;
FRIRDE_102;7.63;
FRIRDE_103;8.47;
FRIRDE_104;9.24;
FRIRDE_105;13.14;
FRIRDE_106;16.95;
FRIRDE_107;21.19;
FRIRDE_108;21.61;
FRIRDE_109;26.19;
FRIRDE_110;33.9;
FRIRDE_111;42.37;
FRIRDE_112;59.32;
FRIRDE_113;25.42;
FRIRDE_114;25.42;
FRIRDE_115;1.7;
FRIRDE_116;0.85;
FRIRDE_117;3.39;
FRIRDE_118;8.47;
FRIRDE_119;42.37;
FRIRDE_120;42.37;
FRIRDE_121;25.42;
FRIRDE_122;59.32;
FRIRDE_123;38.14;
FRIRDE_124;42.37;
FRIRDE_125;42.37;
FRIRDE_126;33.9;
FRIRDE_127;42.37;
FRIRDE_128;42.37;
FRIRDE_129;4.24;
FRIRDE_130;50;
FRIRDE_131;8.47;
FRIRDE_132;12.71;
FRIRDE_133;21.19;
FRIRDE_134;29.66;
FRIRDE_135;25.42;
FRIRDE_136;33.9;
FRIRDE_137;16.95;
FRIRDE_138;0.85;
FRIRDE_139;1.69;
FRIRDE_140;3.81;
FRIRDE_141;6.78;
FRIRDE_142;84.75;
FRIRDE_143;42.37;
FRIRDE_144;50.85;
FRIRDE_145;59.32;
FRIRDE_146;67.8;
FRIRDE_147;76.27;
FRIRDE_148;101.69;
FRIRDE_149;33.9;
FRIRDE_150;16.95;
FRIRDE_151;16.95;
FRIRDE_152;33.9;
FRIRDE_153;67.8;
FRIRDE_154;50.85;
FRIRDE_155;25.42;
FRIRDE_156;33.9;
FRIRDE_157;42.37;
FRIRDE_158;33.9;
FRIRDE_159;33.9;
FRIRDE_160;11.44;
FRIRDE_161;33.9;
FRIRDE_162;33.9;
FRIRDE_163;21.19;
FRIRDE_164;21.19;
FRIRDE_165;16.95;
FRIRDE_166;59.32;
FRIRDE_167;42.37;
FRIRDE_170;4.24;
FRIRDE_171;33.9;
FRIRDE_172;11.44;
FRIRDE_173;33.9;
FRIRDE_174;11.44;
FRIRDE_175;25.42;
FRIRDE_176;16.95;
FRIRDE_177;12.71;
FRIRDE_178;8.47;
FRIRDE_179;21.19;
FRIRDE_180;21.19;
FRIRDE_181;25.42;
FRIRDE_182;25.42;
FRIRDE_183;16.95;
FRIRDE_184;8.48;
FRIRDE_185;4.24;
FRIRDE_186;5.08;
FRIRDE_187;5.93;
FRIRDE_188;6.78;
FRIRDE_189;16.95;
FRIRDE_190;25.42;
FRIRDE_191;7.63;
FRIRDE_192;8.48;
FRIRDE_193;16.95;
FRIRDE_195;25.42;
FRIRDE_198;59.32;
FRIRDE_199;8.47;
FRIRDE_200;8.47;
FRIRDE_201;8.47;
FRIRDE_202;8.47;
FRIRDE_203;8.47;
FRIRDE_204;42.37;
FRIRDE_205;33.9;
FRIRDE_206;4.24;
FRIRDE_207;5.08;
FRIRDE_208;5.93;
FRIRDE_209;6.78;
FRIRDE_210;7.63;
FRIRDE_211;8.48;
FRIRDE_212;4.24;
FRIRDE_213;5.08;
FRIRDE_214;5.93;
FRIRDE_215;6.78;
FRIRDE_216;7.63;
FRIRDE_217;8.48;
FRIRDE_219;0.85;
FRIRDE_220;4.24;
FRIRDE_221;9.32;
FRIRDE_222;12.63;
FRIRDE_223;12.71;
FRIRDE_224;15.25;
FRIREQ_002;10.93;
FRIREQ_003;10.93;
FRIREQ_004;10.93;
FRIREQ_005;12.71;
FRIREQ_006;12.71;
FRIREQBD_003;100;
FRIREQBD_004;100;
FRIREQBM_003;12.9;
FRIREQBM_004;12.63;
FRIROTT_001;55.09;
FRIROTT_002;55.09;
FRIROTT_003;38.05;
FRIROTT_005;32.12;
FRIROTT_007;72.03;
FRIROTT_013;16.87;
FRIROTT_014;16.87;
FRIROTT_015;50.85;
FRIROTT_016;50.85;
FRIROTT_017;33.9;
FRIROTT_018;33.9;
FRIROTT_019;25.42;
FRIROTT_020;25.42;
FRIROTT_021;55.08;
FRIROTT_022;55.08;
FRIROTT_023;25.34;
FRIROTT_024;25.34;
FRIROTT_025;59.32;
FRIROTT_026;59.32;
FRIROTT_027;46.61;
FRIROTT_028;46.61;
FRIROTT_029;59.32;
FRIROTT_030;59.32;
FRIROTT_031;46.61;
FRIROTT_032;46.61;
FRIROTT_033;80.51;
FRIROTT_034;80.51;
FRIROTT_035;80.51;
FRIROTT_036;80.51;
FRIROTT_037;101.69;
FRIROTT_038;101.69;
FRIROTT_039;25.42;
FRIROTT_040;25.42;
FRIRPL_001;0;ADELANTADA
FRIRPL_002;0;ADELANTADA
FRIRPL_003;0;ADELANTADA
FRIRPL_004;0;ADELANTADA
FRIRPL_005;0;ADELANTADA
FRIRPL_005;10.17;ADELANTADA
FRIRPL_005;12.71;ADELANTADA
FRIRPL_005;8.47;ADELANTADA
FRIRPL_006;0;VENCIDA
FRIRPL_008;0;VENCIDA
FRIRPL_009;0;VENCIDA
FRIRPL_010;0;ADELANTADA
FRIRPL_011;0;ADELANTADA
FRIRPL_012;0;ADELANTADA
FRIRPL_013;0;VENCIDA
FRIRPL_014;0;ADELANTADA
FRIRPL_015;0;ADELANTADA
FRIRPL_016;0;ADELANTADA
FRIRRE_001;33.9;
FRIRRE_002;67.8;
FRIRRE_003;84.75;
FRIRRE_004;127.12;
FRIRRE_005;8.47;
FRIRRE_006;16.95;
FRIRRE_007;25.42;
FRIRRE_008;42.37;
FRIRRE_009;33.9;
FRIRRE_010;76.27;
FRIRRE_011;50.85;
FRIRRE_012;50.85;
FRIRRE_013;101.69;
FRIRRE_014;127.12;
FRIRRE_015;8.48;
FRIRRE_016;8.48;
FRIRRE_017;25.42;
FRIRRE_018;33.9;
FRIRRE_020;67.8;
FRIRRE_021;16.95;
FRIRRE_022;42.37;
FRIRRE_023;42.37;
FRIRRE_024;59.32;
FRIRRE_025;59.32;
FRIRRE_026;67.8;
FRIRRE_027;67.8;
FRIRRE_028;84.75;
FRIRRE_029;84.75;
FRIRRE_030;101.7;
FRIRRE_031;84.75;
FRIRRE_032;8.47;
FRIRRE_033;8.47;
FRIRRE_034;8.47;
FRIRRE_035;16.95;
FRIRRE_036;25.42;
FRIRRE_037;25.42;
FRIRRE_038;33.9;
FRIRRE_039;33.9;
FRIRRE_040;42.37;
FRIRRE_041;50.85;
FRIRRE_042;50.85;
FRIRRE_043;67.8;
FRIRRE_044;76.27;
FRIRRE_045;76.27;
FRIRRE_046;3.31;
FRIRRE_047;13.47;
FRIRRE_048;5.08;
FRIRRE_049;5.85;
FRIRRE_050;9.24;
FRIRRE_051;9.32;
FRIRRE_052;16.95;
FRIRRE_053;25.42;
FRIRRE_054;25.42;
FRIRRE_055;33.9;
FRIRRE_056;33.9;
FRIRRE_057;42.37;
FRIRRE_058;42.37;
FRIRRE_059;42.37;
FRIRRE_060;50.85;
FRIRRE_061;59.32;
FRIRRE_062;67.8;
FRIRRE_063;76.27;
FRIRRE_064;84.75;
FRIRRE_065;21.19;
FRIRRE_065;42.37;
FRIRRE_066;29.66;
FRIRRE_067;38.14;
FRIRRE_068;67.8;
FRIRRE_069;76.27;
FRIRRE_070;29.66;
FRIRRE_071;33.9;
FRIRRE_072;25;
FRIRRE_073;25;
FRIRRE_074;50;
FRIRRE_075;50;
FRIRRE_076;70;
FRIRRE_077;95;
FRIRRE_081;10;
FRIRRE_082;10;
FRIRRE_083;70;
FRIRRE_084;95;
FRIRRE_085;2.63;
FRIRRE_086;2.63;
FRIRRE_087;3.47;
FRIRRE_088;3.47;
FRIRRE_089;4.24;
FRIRRE_090;4.24;
FRIRRE_091;5.17;
FRIRRE_092;5.17;
FRIRRE_093;6.86;
FRIRRE_094;6.86;
FRIRRE_095;7.71;
FRIRRE_096;7.71;
FRIRRE_097;9.41;
FRIRRE_098;9.41;
FRIRRE_099;11.95;
FRIRRE_100;11.95;
FRIRRE_101;22.88;
FRIRRE_102;2.63;
FRIRRE_103;5.17;
FRIRRE_104;9.41;
FRIRRE_105;16.95;
FRIRRE_106;16.95;
FRIRRE_107;33.9;
FRIRRE_108;63.56;
FRIRRE_109;1.78;
FRIRRE_110;3.47;
FRIRRE_111;6.86;
FRIRRE_112;7.71;
FRIRRE_113;8.56;
FRIRRE_114;11.95;
FRIRRE_115;12.8;
FRIRRE_116;2.63;
FRIRRE_117;5.17;
FRIRRE_118;0.77;
FRIRRE_119;3.31;
FRIRRE_120;5.01;
FRIRRE_121;5.08;
FRIRRE_122;5.85;
FRIRRE_123;6.54;
FRIRRE_124;6.69;
FRIRRE_125;6.78;
FRIRRE_126;7.11;
FRIRRE_127;7.54;
FRIRRE_128;7.63;
FRIRRE_129;7.96;
FRIRRE_130;8.4;
FRIRRE_131;8.81;
FRIRRE_132;9.24;
FRIRRE_133;10.08;
FRIRRE_134;10.17;
FRIRRE_135;10.93;
FRIRRE_136;11.78;
FRIRRE_137;12.64;
FRIRRE_138;16.95;
FRIRRE_139;33.9;
FRIRRE_140;42.37;
FRIRRE_141;50.85;
FRIRRE_142;67.8;
FRIRRE_143;84.75;
FRIRRE_144;127.12;
FRIRRE_145;169.49;
FRIRRE_146;211.86;
FRIRRE_147;16.95;
FRIRRE_148;33.9;
FRIRRE_149;42.37;
FRIRRE_150;50.85;
FRIRRE_151;67.8;
FRIRRE_152;84.75;
FRIRRE_153;127.12;
FRIRRE_154;169.49;
FRIRRE_155;211.86;
FRIRRE_156;72.03;
FRIRRE_157;16.95;
FRIRRE_158;33.9;
FRIRRE_159;67.8;
FRIRRE_160;100;
FRIRRE_161;8.48;
FRIRRE_162;16.95;
FRIRRE_163;5.08;
FRIRRE_164;12.71;
FRIRRE_165;50;
FRIRRE_166;16.95;
FRIRRE_167;33.9;
FRIRRE_168;42.37;
FRIRRE_169;50.85;
FRIRRE_170;67.8;
FRIRRE_171;84.75;
FRIRRE_172;127.12;
FRIRRE_173;169.49;
FRIRRE_174;211.87;
FRIRRE_175;50;
FRIRRE_176;50;
FRIRRE_177;20;
FRIRRE_178;30;
FRIRRE_179;40;
FRIRRE_180;20;
FRIRRE_181;30;
FRIRRE_182;40;
FRIRRE_183;50;
FRIRRE_184;50;
FRIRRE_185;50;
FRIRRE_186;10;
FRIRRE_187;10;
FRIRRE_188;20;
FRIRRE_189;30;
FRIRRE_190;40;
FRIRRE_191;50;
FRIRRE_192;20;
FRIRRE_193;30;
FRIRRE_194;40;
FRIRRE_195;50;
FRIRRE_196;50;
FRIRRE_197;50;
FRIRRE_198;67.8;
FRIRRE_199;67.8;
FRIRRE_200;67.8;
FRIRRE_201;33.9;
FRIRRE_202;33.9;
FRIRRE_203;16.95;
FRIRRE_204;16.95;
FRIRRE_205;67.8;
FRIRRE_206;67.8;
FRIRRE_207;67.8;
FRIRRE_208;67.8;
FRIRRE_209;33.9;
FRIRRE_210;33.9;
FRIRRE_211;16.95;
FRIRRE_212;16.95;
FRIRRE_213;33.9;
FRIRRE_214;20;
FRIRRE_215;30;
FRIRRE_216;40;
FRIRRE_217;20;
FRIRRE_218;30;
FRIRRE_219;40;
FRIRRE_220;10;
FRIRRE_221;15;
FRIRRE_222;20;
FRIRRE_223;25;
FRIRRE_224;20;
FRIRRE_225;30;
FRIRRE_226;40;
FRIRRE_227;20;
FRIRRE_228;30;
FRIRRE_229;40;
FRIRRE_230;100;
FRIRRE_231;100;
FRIRRE_232;100;
FRIRRE_233;100;
FRIRRE_234;50;
FRIRRE_235;50;
FRIRRE_236;100;
FRIRRE_237;50;
FRIRRE_238;50;
FRIRRE_239;100;
FRIRRE_240;50;
FRIRRE_241;50;
FRIRRE_242;100;
FRIRRE_243;50;
FRIRRE_244;50;
FRIRRE_245;100;
FRIRRE_246;100;
FRIRRE_247;46.61;
FRIRRE_248;46.61;
FRIRRE_249;100;
FRIRRE_250;100;
FRIRRE_251;100;
FRIRRE_252;100;
FRIRRE_253;100;
FRIRRE_254;100;
FRIRRE_255;16.95;
FRIRRE_256;16.95;
FRIRRE_257;46.61;
FRIRRE_258;25.42;
FRIRRE_259;25.42;
FRIRRE_260;27.54;
FRIRRE_261;33.9;
FRIRRE_262;42.37;
FRIRRE_263;27.54;
FRIRRE_264;33.9;
FRIRRE_265;42.37;
FRIRRE_266;33.9;
FRIRRE_267;33.9;
FRIRRE_268;33.9;
FRIRRE_269;33.9;
FRIRRE_270;33.9;
FRIRRE_271;25.42;
FRIRRE_272;8.47;
FRIRRE_273;8.47;
FRIRRE_274;8.47;
FRIRRE_275;8.47;
FRIRRE_276;16.95;
FRIRRE_277;16.95;
FRIRRE_278;16.95;
FRIRRE_279;16.95;
FRIRRE_280;100;
FRIRRE_281;100;
FRIRRE_282;10;
FRIRRE_283;15;
FRIRRE_284;20;
FRIRRE_285;25;
FRIRRE_286;25;
FRIRRE_287;50;
FRIRRE_288;50;
FRIRRE_289;70;
FRIRRE_290;16.95;
FRIRRE_290;17.03;
FRIRRE_291;16.95;
FRIRRE_291;17.03;
FRIRRE_292;100;
FRIRRE_293;100;
FRIRSA_001;9.16;
FRIRSA_001;9.24;
FRIRSA_002;9.24;
FRIRSA_003;9.24;
FRIRSA_004;12.63;
FRIRSA_005;50.76;
FRIRSBBD_001;100;
FRIRSBBD_002;100;
FRIRSBBD_003;100;
FRIRSBBD_004;100;
FRIRSBBD_005;100;
FRIRSBBD_006;100;
FRIRSBBD_007;100;
FRIRSBBD_008;100;
FRIRSBBD_009;100;
FRIRSBBD_010;100;
FRIRSBBD_011;100;
FRIRSBBD_012;100;
FRIRSBBD_013;100;
FRIRSBBD_014;100;
FRIRSBBD_015;100;
FRIRSBBD_016;100;
FRIRSBBD_017;100;
FRIRSBBD_018;100;
FRIRSBBD_019;100;
FRIRSBBD_020;100;
FRIRSBBD_021;100;
FRIRSBBD_022;100;
FRIRSBBD_023;100;
FRIRSBBD_024;100;
FRIRSBBD_025;100;
FRIRSBBD_026;100;
FRIRSBBD_027;100;
FRIRSBBD_028;100;
FRIRSBBD_029;100;
FRIRSBBD_030;100;
FRIRSBBD_031;100;
FRIRSBBD_032;100;
FRIRSBBD_033;100;
FRIRSBBD_034;100;
FRIRSBBD_035;100;
FRIRSBBD_036;100;
FRIRSBBD_037;100;
FRIRSBBD_038;100;
FRIRSBBD_039;100;
FRIRSBBD_040;100;
FRIRSBBD_041;100;
FRIRSBBD_042;100;
FRIRSBBD_043;100;
FRIRSBBD_044;100;
FRIRSBBD_045;100;
FRIRSBBD_046;100;
FRIRSBBD_047;100;
FRIRSBBD_048;100;
FRIRSBBD_049;100;
FRIRSBBD_050;100;
FRIRSBBD_051;100;
FRIRSBBD_052;100;
FRIRSBBD_053;100;
FRIRSBBD_054;100;
FRIRSBBD_055;100;
FRIRSBBD_056;100;
FRIRSBBD_057;100;
FRIRSBBD_058;100;
FRIRSBBD_059;100;
FRIRSBBD_060;100;
FRIRSBBD_061;100;
FRIRSBBD_062;100;
FRIRSBBD_063;100;
FRIRSBBD_064;100;
FRIRSBBD_065;100;
FRIRSBBD_066;100;
FRIRSBBD_067;100;
FRIRSBBD_068;100;
FRIRSBBD_069;100;
FRIRSBBD_070;100;
FRIRSBBD_071;100;
FRIRSBBD_072;100;
FRIRSBBD_073;100;
FRIRSBBD_074;100;
FRIRSBBD_075;100;
FRIRSBBD_076;100;
FRIRSBBD_077;100;
FRIRSBBD_078;100;
FRIRSBBD_079;100;
FRIRSBBD_080;100;
FRIRSBBD_081;100;
FRIRSBBD_082;100;
FRIRSBBD_083;100;
FRIRSBBD_084;100;
FRIRSBBD_085;100;
FRIRSBBD_086;100;
FRIRSBBD_087;100;
FRIRSBBD_088;100;
FRIRSBBD_089;100;
FRIRSBBD_090;100;
FRIRSBBD_091;100;
FRIRSBBD_092;100;
FRIRSBBD_093;100;
FRIRSBBD_101;100;
FRIRSBBD_102;100;
FRIRSBBD_103;100;
FRIRSBBD_104;100;
FRIRSBBD_105;100;
FRIRSBBD_106;100;
FRIRSBBD_107;100;
FRIRSBBD_108;100;
FRIRSBBD_109;100;
FRIRSBBD_110;100;
FRIRSBBD_111;100;
FRIRSBBD_112;100;
FRIRSBBD_113;100;
FRIRSBBD_114;100;
FRIRSBBD_115;100;
FRIRSBBD_116;100;
FRIRSBBD_117;100;
FRIRSBBD_118;100;
FRIRSBBD_119;100;
FRIRSBBD_120;100;
FRIRSBBD_121;100;
FRIRSBBD_122;100;
FRIRSBBD_123;100;
FRIRSBBD_127;100;
FRIRSBBD_128;100;
FRIRSBBD_129;100;
FRIRSBBD_130;100;
FRIRSBBD_131;100;
FRIRSBBD_132;100;
FRIRSBBD_133;100;
FRIRSBBD_134;100;
FRIRSBBD_135;100;
FRIRSBBD_136;100;
FRIRSBBD_137;100;
FRIRSBBD_138;100;
FRIRSBBD_139;100;
FRIRSBBM_001;120;
FRIRSBBM_002;200;
FRIRSBBM_003;30;
FRIRSBBM_004;80;
FRIRSBBM_005;120;
FRIRSBBM_006;120;
FRIRSBBM_007;200;
FRIRSBBM_008;60;
FRIRSBBM_009;200;
FRIRSBBM_010;30;
FRIRSBBM_011;30;
FRIRSBBM_012;16;
FRIRSBBM_013;2;
FRIRSBBM_014;4;
FRIRSBBM_015;8;
FRIRSBBM_016;45;
FRIRSBBM_017;80;
FRIRSBBM_018;120;
FRIRSBBM_019;200;
FRIRSBBM_020;60;
FRIRSBBM_021;20;
FRIRSBBM_022;30;
FRIRSBBM_023;50;
FRIRSBBM_024;100;
FRIRSBBM_025;150;
FRIRSBBM_026;500;
FRIRSBBM_027;1000;
FRIRSBBM_028;2;
FRIRSBBM_029;4;
FRIRSBBM_030;6;
FRIRSBBM_031;8;
FRIRSBBM_032;10;
FRIRSBBM_033;12;
FRIRSBBM_034;15;
FRIRSBBM_035;20;
FRIRSBBM_036;30;
FRIRSBBM_037;40;
FRIRSBBM_038;60;
FRIRSBBM_039;80;
FRIRSBBM_040;120;
FRIRSBBM_041;150;
FRIRSBBM_042;200;
FRIRSBBM_043;50;
FRIRSBBM_044;100;
FRIRSBBM_045;100;
FRIRSBBM_046;150;
FRIRSBBM_047;240;
FRIRSBBM_048;38.05;
FRIRSBBM_049;32.12;
FRIRSBBM_050;32.12;
FRIRSBBM_051;42.29;
FRIRSBBM_051;47.37;
FRIRSBBM_052;32.12;
FRIRSBBM_052;38.05;
FRIRSBBM_053;38.05;
FRIRSBBM_054;372.8;
FRIRSBBM_055;101.61;
FRIRSBBM_056;59.24;
FRIRSBBM_057;372.8;
FRIRSBBM_058;372.8;
FRIRSBBM_059;203.39;
FRIRSBBM_060;203.39;
FRIRSBBM_061;101.61;
FRIRSBBM_062;101.61;
FRIRSBBM_063;124.26;
FRIRSBBM_064;372.8;
FRIRSBBM_065;101.61;
FRIRSBBM_066;101.61;
FRIRSBBM_067;429.66;
FRIRSBBM_068;372.8;
FRIRSBBM_069;372.8;
FRIRSBBM_070;47.37;
FRIRSBBM_071;38.05;
FRIRSBBM_072;32.12;
FRIRSBBM_073;101.61;
FRIRSBBM_074;101.61;
FRIRSBBM_075;101.61;
FRIRSBBM_076;429.66;
FRIRSBBM_077;372.8;
FRIRSBBM_078;372.8;
FRIRSBBM_079;101.61;
FRIRSBBM_080;101.61;
FRIRSBBM_081;101.61;
FRIRSBBM_082;429.66;
FRIRSBBM_083;372.8;
FRIRSBBM_084;372.8;
FRIRSBBM_085;101.61;
FRIRSBBM_086;101.61;
FRIRSBBM_087;101.61;
FRIRSBBM_088;7.63;
FRIRSBBM_089;47.37;
FRIRSBBM_090;338.9;
FRIRSBBM_091;16.94;
FRIRSBBM_092;16.94;
FRIRSBBM_093;42.29;
FRIRSBBM_101;38.05;
FRIRSBBM_102;32.12;
FRIRSBBM_103;338.9;
FRIRSBBM_104;84.66;
FRIRSBBM_105;30;
FRIRSBBM_106;30;
FRIRSBBM_107;40;
FRIRSBBM_108;67.71;
FRIRSBBM_109;12.71;
FRIRSBBM_110;203.31;
FRIRSBBM_111;160.93;
FRIRSBBM_112;143.98;
FRIRSBBM_113;203.31;
FRIRSBBM_114;203.31;
FRIRSBBM_115;160.93;
FRIRSBBM_116;143.98;
FRIRSBBM_117;143.98;
FRIRSBBM_118;160.93;
FRIRSBBM_119;143.98;
FRIRSBBM_120;29.66;
FRIRSBBM_121;29.66;
FRIRSBBM_122;38.9;
FRIRSBBM_123;38.9;
FRIRSBBM_124;568.47;
FRIRSBBM_125;568.47;
FRIRSBBM_126;568.47;
FRIRSBBM_127;110.08;
FRIRSBBM_128;7.63;
FRIRSBBM_129;110.08;
FRIRSBBM_130;110.08;
FRIRSBBM_131;110.08;
FRIRSBBM_132;127.03;
FRIRSBBM_133;127.03;
FRIRSBBM_134;76.19;
FRIRSBBM_135;20.25;
FRIRSBBM_136;30.42;
FRIRSBBM_137;20.25;
FRIRSBBM_138;12.71;
FRIRSBBM_139;192;
FRIRSV_001;67.22;
FRIRSV_002;142.01;
FRIRSV_003;299.15;
FRIRSV_004;0;
FRIRSV_005;0;
FRIRSV_006;0;
FRMROTT_001;8.47;
FRMROTT_002;8.47;
FRMROTT_003;38.05;
FRMROTT_005;32.12;
FRMROTT_007;8.47;
FRMROTT_009;29.66;
FRMROTT_010;29.66;
FRTFBB_001;25.42;
FRTFBB_002;42.37;
FRTFBB_003;16.95;
FRTFBB_004;16.95;
FRTFBB_005;25.42;
FRTFBB_006;12.71;
FRTFBB_007;42.37;
FRTFBB_008;38.13;
FRTFBB_009;21.19;
FRTFBB_010;33.9;
FRTFBB_011;76.27;
FRTFBB_012;152.54;
FRTFBB_013;83.19;
FRTOCH_001;61;
FRTOCH_002;61;
FRTOCH_003;61;
FRTOCH_004;61;
FRTOCH_005;101.69;
FRTOCH_006;169.49;
FRTOCH_007;101.69;
FRTOCH_008;169.49;
FRTOCHBM_007;309.6;
FRTOEQ_002;84.75;
FRTOEQ_003;127.12;
FRTOEQ_004;127.12;
FRTOEQ_005;84.75;
FRTOPL_001;300.85;
FRTOPL_001;385.63;
FRTOPL_001;427.97;
FRTOPL_001;470.34;
FRTOPL_001;470.37;
FRTOPL_001;592.37;
FRTOPL_002;131.36;
FRTOPL_002;258.47;
FRTOPL_002;300.85;
FRTOPL_002;385.63;
FRTOPL_002;470.37;
FRTOPL_003;0;
FRTOPL_004;507.63;
FRTOPL_004;592.37;
FRTOPL_005;507.63;
FRTORX_001;3.88;
FRTORX_002;3.88;
FRTOSE_001;101.69;
FRTOSV_001;28.56;
FRTOSV_002;28.56;
FRTOSV_003;30.16;
FRTOSV_004;7.9;
FRTRCH_001;16.95;
FRTRCH_002;16.95;
FRTRCH_003;29.66;
FRTRCH_004;29.66;
FRTRCH_005;11.44;
FRTRCH_005;16.95;
FRTRCH_006;29.66;
FRTRCH_007;29.66;
FRTRCH_008;16.95;
FRTRCH_009;16.95;
FRTRCH_010;25.42;
FRTRCH_011;8.47;
FRTRCH_012;25.42;
FRTRCH_013;16.95;
FRTRCH_014;8.47;
FRTRCH_015;59.32;
FRTRCH_016;29.66;
FRTRCH_017;76.27;
FRTRCH_018;16.95;
FRTRCH_019;16.95;
FRTRCH_020;8.47;
FRTRCH_021;16.95;
FRTRCH_022;4.24;
FRTRCH_023;25.42;
FRTRCH_024;4.24;
FRTRCH_025;16.95;
FRTRCH_026;25.42;
FRTRCH_027;25.42;
FRTRCH_028;29.66;
FRTRCH_029;25.42;
FRTRCH_030;16.95;
FRTRCH_031;16.95;
FRTRCH_032;25.42;
FRTRCH_033;25.42;
FRTRCH_034;16.95;
FRTRCH_035;16.95;
FRTRCH_036;29.66;
FRTRCH_037;29.66;
FRTRCH_038;25.42;
FRTRCH_039;25.42;
FRTRCH_040;16.95;
FRTRCH_041;16.95;
FRTRCH_042;25.42;
FRTRCH_043;16.95;
FRTRCH_044;16.95;
FRTRCH_045;16.95;
FRTRCH_046;11.44;
FRTRCH_046;16.95;
FRTRCH_046;8.47;
FRTRCH_047;25.42;
FRTRCH_048;46.61;
FRTRCH_049;46.61;
FRTRCH_050;25.42;
FRTRCH_051;46.22;
FRTRCH_052;16.95;
FRTRCH_053;25.42;
FRTRCH_054;16.95;
FRTRCH_055;16.95;
FRTRCH_055;25.42;
FRTRCH_055;29.66;
FRTRCH_056;16.95;
FRTRCH_057;25.42;
FRTRCH_058;25.42;
FRTRCH_059;29.66;
FRTRCH_060;29.66;
FRTRCH_061;25.42;
FRTRCH_062;16.95;
FRTRCH_063;25.42;
FRTRCH_064;21.19;
FRTRCH_065;21.19;
FRTRCH_066;16.81;
FRTRCH_067;46.61;
FRTRCH_068;25.21;
FRTRCH_069;32.77;
FRTRCH_070;46.61;
FRTRCH_070;83.19;
FRTRCH_071;29.66;
FRTRCH_072;29.66;
FRTRCH_073;29.66;
FRTRCH_074;25.42;
FRTRCH_075;21.19;
FRTRCH_076;21.19;
FRTRCH_077;10.93;
FRTRCH_078;10.93;
FRTRCH_079;10.93;
FRTRCH_080;10.93;
FRTRCH_081;11.44;
FRTRCH_082;11.44;
FRTRCH_083;29.66;
FRTRCH_084;29.66;
FRTRCH_085;25.42;
FRTRCH_086;25.42;
FRTRCH_087;29.66;
FRTRCH_088;16.95;
FRTRCH_089;16.95;
FRTRCH_090;46.61;
FRTRCH_091;46.61;
FRTRCH_092;21.19;
FRTRCH_093;21.19;
FRTRCH_094;21.19;
FRTRCH_095;21.19;
FRTRDE_001;12.71;
FRTRDE_003;8.47;
FRTRDE_004;100;
FRTRDE_005;100;
FRTRDE_008;16.95;
FRTRDE_009;25.42;
FRTRDE_010;100;
FRTRDE_011;100;
FRTRDE_012;100;
FRTRDE_013;42.37;
FRTRDE_013;59.32;
FRTRDE_014;42.37;
FRTRDE_014;59.32;
FRTRDE_018;59.32;
FRTRDE_019;8.56;
FRTRDE_020;12.8;
FRTRDE_021;16.95;
FRTRDE_022;4.32;
FRTRDE_023;5.51;
FRTRDE_024;56.69;
FRTRDE_025;5;
FRTRDE_026;8.56;
FRTRDE_027;12.8;
FRTRDE_028;13.47;
FRTRDE_029;38.14;
FRTRDE_030;4.32;
FRTRDE_031;12.71;
FRTRDE_032;50;
FRTRDE_036;59.32;
FRTRDE_037;42.37;
FRTRDE_038;33.9;
FRTRDE_039;26.19;
FRTRDE_040;59.32;
FRTRDE_041;59.32;
FRTRDE_042;59.32;
FRTRDE_043;50.85;
FRTRDE_044;63.56;
FRTRDE_045;59.32;
FRTRDE_046;42.37;
FRTRDE_047;42.37;
FRTRDE_048;29.66;
FRTRDE_049;25.42;
FRTRDE_050;21.19;
FRTRDE_051;16.95;
FRTRDE_052;12.71;
FRTRDE_053;7.63;
FRTRDE_054;12.71;
FRTRDE_055;42.37;
FRTRDE_056;42.37;
FRTRDE_057;10.93;
FRTRDE_058;10.93;
FRTRDE_059;84.75;
FRTRDE_060;6.78;
FRTRDE_061;3.81;
FRTRDE_062;1.69;
FRTRDE_063;0.85;
FRTRDE_064;8.47;
FRTRDE_065;4.24;
FRTRDE_066;8.47;
FRTRDE_067;12.71;
FRTRDE_068;21.19;
FRTRDE_069;29.66;
FRTRDE_070;25.42;
FRTRDE_071;33.9;
FRTRDE_072;16.95;
FRTRDE_073;0.85;
FRTRDE_074;1.69;
FRTRDE_075;3.81;
FRTRDE_076;6.78;
FRTRDE_077;84.75;
FRTRDE_078;42.37;
FRTRDE_079;50.85;
FRTRDE_080;59.32;
FRTRDE_081;67.8;
FRTRDE_082;76.27;
FRTRDE_083;101.69;
FRTRDE_084;59.32;
FRTRDE_085;70.76;
FRTRDE_086;70.76;
FRTRDE_087;59.32;
FRTRDE_088;42.37;
FRTRDE_090;5.93;
FRTRDE_091;69.07;
FRTRDE_092;59.32;
FRTRDE_093;70.76;
FRTRDE_094;69.07;
FRTRDE_095;59.32;
FRTRDE_096;70.76;
FRTRDE_097;56.36;
FRTRDE_098;56.36;
FRTRDE_099;56.36;
FRTRDE_100;56.36;
FRTRDE_101;59.32;
FRTRDE_102;42.37;
FRTRDE_103;50.85;
FRTRDE_104;33.9;
FRTRDE_110;5.93;
FRTRDE_111;8.47;
FRTRDE_112;50;
FRTRDE_113;70;
FRTRDE_114;4.24;
FRTRDE_115;9.32;
FRTRDE_116;10;
FRTRDE_117;50;
FRTRDE_118;50.85;
FRTRDE_119;33.9;
FRTRDE_120;25.42;
FRTRDE_121;8.47;
FRTRDE_122;42.37;
FRTRDE_123;100;
FRTRDE_124;25.42;
FRTRDE_125;25.42;
FRTRDE_126;25.42;
FRTRDE_127;8.47;
FRTRDE_128;25.42;
FRTRDE_129;8.47;
FRTRDE_130;50.85;
FRTRDE_131;50.85;
FRTRDE_132;33.9;
FRTRDE_133;33.9;
FRTRDE_134;42.37;
FRTRDE_135;42.37;
FRTRDE_136;8.47;
FRTRDE_137;50.85;
FRTRDE_138;50.85;
FRTRDE_139;33.9;
FRTRDE_140;33.9;
FRTRDE_141;42.37;
FRTRDE_142;42.37;
FRTRDE_143;8.47;
FRTRDE_144;33.9;
FRTRDE_145;33.9;
FRTRDE_146;8.47;
FRTRDE_147;8.47;
FRTRDE_148;50.85;
FRTRDE_149;16.95;
FRTRDE_150;16.95;
FRTRDE_151;16.95;
FRTREQ_001;10.93;
FRTREQ_002;21.1;
FRTREQ_003;8.39;
FRTREQ_004;13.47;
FRTREQ_005;21.95;
FRTREQ_007;13.47;
FRTREQ_008;10.93;
FRTREQ_009;21.1;
FRTREQ_010;13.47;
FRTREQ_011;21.1;
FRTREQ_012;21.95;
FRTREQ_013;12.6;
FRTREQ_014;10.93;
FRTREQ_015;13.47;
FRTREQ_016;8.39;
FRTREQ_017;4.24;
FRTREQ_018;12.63;
FRTREQ_019;12.63;
FRTREQ_020;16.86;
FRTREQ_021;16.86;
FRTREQ_022;12.63;
FRTREQ_023;16.86;
FRTREQ_024;8.47;
FRTREQ_025;5.93;
FRTREQ_030;8.47;
FRTREQ_031;8.47;
FRTREQ_032;12.71;
FRTREQ_033;12.71;
FRTREQ_034;16.95;
FRTREQ_035;16.95;
FRTREQ_036;12.63;
FRTREQ_037;12.63;
FRTREQ_038;16.86;
FRTREQ_039;16.86;
FRTREQ_040;16.87;
FRTREQ_041;16.87;
FRTREQ_042;16.87;
FRTREQ_043;16.87;
FRTROTT_001;8.47;
FRTROTT_002;8.47;
FRTROTT_003;38.05;
FRTROTT_005;32.12;
FRTROTT_007;8.47;
FRTROTT_009;8.39;
FRTROTT_010;8.39;
FRTROTT_011;25.41;
FRTROTT_012;25.41;
FRTROTT_013;8.47;
FRTROTT_014;8.47;
FRTROTT_015;16.94;
FRTROTT_016;25.41;
FRTROTT_017;8.47;
FRTROTT_018;16.94;
FRTROTT_019;25.41;
FRTROTT_020;38.05;
FRTROTT_022;32.12;
FRTROTT_024;16.78;
FRTROTT_025;16.78;
FRTROTT_026;25.17;
FRTROTT_027;25.17;
FRTROTT_028;25.34;
FRTROTT_029;25.34;
FRTRPL_001;1.7;ADELANTADA
FRTRPL_004;94.83;ADELANTADA
FRTRPL_005;7.63;ADELANTADA
FRTRPL_006;592.37;ADELANTADA
FRTRPL_007;66.95;VENCIDA
FRTRPL_008;30.93;ADELANTADA
FRTRPL_008;58.47;ADELANTADA
FRTRPL_008;91.44;ADELANTADA
FRTRPL_008;92.36;ADELANTADA
FRTRPL_008;98.21;ADELANTADA
FRTRPL_008;98.22;ADELANTADA
FRTRPL_009;22.65;ADELANTADA
FRTRPL_009;28.73;ADELANTADA
FRTRPL_009;50;ADELANTADA
FRTRPL_009;66.95;ADELANTADA
FRTRPL_009;76.7;ADELANTADA
FRTRPL_009;77.61;ADELANTADA
FRTRPL_009;87.22;ADELANTADA
FRTRPL_009;87.86;ADELANTADA
FRTRPL_009;89.76;ADELANTADA
FRTRPL_009;95.68;ADELANTADA
FRTRPL_010;50;ADELANTADA
FRTRPL_010;59.05;ADELANTADA
FRTRPL_010;84.24;ADELANTADA
FRTRPL_011;92.36;ADELANTADA
FRTRPL_012;92.37;ADELANTADA
FRTRPL_013;114.32;VENCIDA
FRTRPL_013;56.36;VENCIDA
FRTRPL_013;61.86;VENCIDA
FRTRPL_013;62.71;VENCIDA
FRTRPL_013;67.79;VENCIDA
FRTRPL_013;75.42;VENCIDA
FRTRPL_013;75.84;VENCIDA
FRTRPL_013;77.54;VENCIDA
FRTRPL_013;91.52;VENCIDA
FRTRPL_013;98.73;VENCIDA
FRTRPL_014;102.96;ADELANTADA
FRTRPL_014;112.62;ADELANTADA
FRTRPL_014;114.32;ADELANTADA
FRTRPL_014;30.42;ADELANTADA
FRTRPL_014;38.05;ADELANTADA
FRTRPL_014;38.89;ADELANTADA
FRTRPL_014;50;ADELANTADA
FRTRPL_014;50.76;ADELANTADA
FRTRPL_014;53.81;ADELANTADA
FRTRPL_014;56.36;ADELANTADA
FRTRPL_014;59.32;ADELANTADA
FRTRPL_014;66.95;ADELANTADA
FRTRPL_014;67.79;ADELANTADA
FRTRPL_014;69.07;ADELANTADA
FRTRPL_014;73.64;ADELANTADA
FRTRPL_014;75.42;ADELANTADA
FRTRPL_014;77.46;ADELANTADA
FRTRPL_014;77.54;ADELANTADA
FRTRPL_014;77.88;ADELANTADA
FRTRPL_014;78.7;ADELANTADA
FRTRPL_014;78.72;ADELANTADA
FRTRPL_014;82.12;ADELANTADA
FRTRPL_014;84.24;ADELANTADA
FRTRPL_014;85.12;ADELANTADA
FRTRPL_014;86.78;ADELANTADA
FRTRPL_014;87.57;ADELANTADA
FRTRPL_014;90.25;ADELANTADA
FRTRPL_014;90.59;ADELANTADA
FRTRPL_014;91.52;ADELANTADA
FRTRPL_014;94.83;ADELANTADA
FRTRPL_014;95.68;ADELANTADA
FRTRPL_014;98.73;ADELANTADA
FRTRPL_015;89.75;ADELANTADA
FRTRPL_015;94.27;ADELANTADA
FRTRPL_015;94.41;ADELANTADA
FRTRPL_016;0;VENCIDA
FRTRPL_017;30.93;VENCIDA
FRTRPL_017;98.21;VENCIDA
FRTRPL_017;98.22;VENCIDA
FRTRPL_018;50.85;ADELANTADA
FRTRPL_018;59.32;ADELANTADA
FRTRPL_019;39.41;VENCIDA
FRTRPL_019;50.85;VENCIDA
FRTRPL_019;85.93;VENCIDA
FRTRPL_020;39.41;ADELANTADA
FRTRPL_020;50.85;ADELANTADA
FRTRPL_020;85.93;ADELANTADA
FRTRPL_021;114.32;VENCIDA
FRTRPL_021;67.8;VENCIDA
FRTRPL_021;72.03;VENCIDA
FRTRPL_022;114.32;ADELANTADA
FRTRPL_022;67.8;ADELANTADA
FRTRPL_022;72.03;ADELANTADA
FRTRPL_023;50.85;ADELANTADA
FRTRPL_023;97.37;ADELANTADA
FRTRPL_024;50.85;VENCIDA
FRTRPL_024;97.37;VENCIDA
FRTRPL_025;102.88;ADELANTADA
FRTRPL_025;107.12;ADELANTADA
FRTRPL_025;56.36;ADELANTADA
FRTRPL_025;60.59;ADELANTADA
FRTRPL_026;102.88;VENCIDA
FRTRPL_026;107.12;VENCIDA
FRTRPL_026;56.36;VENCIDA
FRTRPL_026;60.59;VENCIDA
FRTRPL_027;0;VENCIDA
FRTRPL_028;56.36;ADELANTADA
FRTRPL_029;67.8;ADELANTADA
FRTRPL_030;8.47;ADELANTADA
FRTRPL_031;8.47;VENCIDA
FRTRPL_032;8.47;ADELANTADA
FRTRPL_033;8.47;VENCIDA
FRTRPL_034;59.32;ADELANTADA
FRTRPL_035;59.32;VENCIDA
FRTRPL_036;59.32;ADELANTADA
FRTRPL_037;59.32;VENCIDA
FRTRRE_001;21.19;
FRTRRE_002;29.66;
FRTRRE_003;38.14;
FRTRRE_004;67.8;
FRTRRE_005;29.66;
FRTRRE_006;33.9;
FRTRRE_007;25;
FRTRRE_008;25;
FRTRRE_009;50;
FRTRRE_010;50;
FRTRRE_011;70;
FRTRRE_012;95;
FRTRRE_013;10;
FRTRRE_014;10;
FRTRRE_015;70;
FRTRRE_016;95;
FRTRRE_017;4.24;
FRTRRE_018;4.24;
FRTRRE_019;5.17;
FRTRRE_020;5.17;
FRTRRE_021;4.24;
FRTRRE_022;3.39;
FRTRRE_023;4.24;
FRTRRE_024;16.95;
FRTRRE_025;33.9;
FRTRRE_026;42.37;
FRTRRE_027;50.85;
FRTRRE_028;67.8;
FRTRRE_029;84.75;
FRTRRE_030;16.95;
FRTRRE_031;33.9;
FRTRRE_032;42.37;
FRTRRE_033;50.85;
FRTRRE_034;67.8;
FRTRRE_035;84.75;
FRTRRE_036;8.39;
FRTRRE_037;5.08;
FRTRRE_038;100;
FRTRRE_039;100;
FRTRRE_040;100;
FRTRRE_041;100;
FRTRRE_042;100;
FRTRRE_043;100;
FRTRRE_044;100;
FRTRRE_045;100;
FRTRRE_046;100;
FRTRRE_047;100;
FRTRRE_048;100;
FRTRRE_049;8.48;
FRTRRE_050;8.48;
FRTRRE_051;8.48;
FRTRRE_052;100;
FRTRRE_053;11.44;
FRTRRE_054;11.44;
FRTRRE_055;100;
FRTRRE_056;8.48;
FRTRRE_057;50;
FRTRRE_058;50;
FRTRRE_059;16.95;
FRTRRE_060;33.9;
FRTRRE_061;42.37;
FRTRRE_062;50.85;
FRTRRE_063;67.8;
FRTRRE_064;84.75;
FRTRRE_065;50;
FRTRRE_066;50;
FRTRRE_067;50;
FRTRRE_068;50;
FRTRRE_069;20;
FRTRRE_070;30;
FRTRRE_071;40;
FRTRRE_072;20;
FRTRRE_073;30;
FRTRRE_074;40;
FRTRRE_075;50;
FRTRRE_076;50;
FRTRRE_077;50;
FRTRRE_078;10;
FRTRRE_079;10;
FRTRRE_080;20;
FRTRRE_081;30;
FRTRRE_082;40;
FRTRRE_083;20;
FRTRRE_084;30;
FRTRRE_085;40;
FRTRRE_086;50;
FRTRRE_087;50;
FRTRRE_088;50;
FRTRRE_089;10;
FRTRRE_090;10;
FRTRRE_091;20;
FRTRRE_092;30;
FRTRRE_093;40;
FRTRRE_094;50;
FRTRRE_095;20;
FRTRRE_096;30;
FRTRRE_097;40;
FRTRRE_098;50;
FRTRRE_099;50;
FRTRRE_100;50;
FRTRRE_101;20;
FRTRRE_102;30;
FRTRRE_103;40;
FRTRRE_104;50;
FRTRRE_105;20;
FRTRRE_106;30;
FRTRRE_107;40;
FRTRRE_108;50;
FRTRRE_109;50;
FRTRRE_110;50;
FRTRRE_111;20;
FRTRRE_112;30;
FRTRRE_113;40;
FRTRRE_114;20;
FRTRRE_115;30;
FRTRRE_116;40;
FRTRRE_117;20;
FRTRRE_118;30;
FRTRRE_119;40;
FRTRRE_120;20;
FRTRRE_121;30;
FRTRRE_122;40;
FRTRRE_123;10;
FRTRRE_124;15;
FRTRRE_125;20;
FRTRRE_126;25;
FRTRRE_127;20;
FRTRRE_128;30;
FRTRRE_129;40;
FRTRRE_130;20;
FRTRRE_131;30;
FRTRRE_132;40;
FRTRRE_133;20;
FRTRRE_134;30;
FRTRRE_135;40;
FRTRRE_136;20;
FRTRRE_137;30;
FRTRRE_138;40;
FRTRRE_139;100;
FRTRRE_140;100;
FRTRRE_141;8.47;
FRTRRE_142;8.47;
FRTRRE_143;8.47;
FRTRRE_144;100;
FRTRRE_145;100;
FRTRRE_146;100;
FRTRRE_147;100;
FRTRRE_148;100;
FRTRRE_149;100;
FRTRRE_150;100;
FRTRRE_151;100;
FRTRRE_152;100;
FRTRRE_153;100;
FRTRRE_154;25.42;
FRTRRE_155;10;
FRTRRE_156;15;
FRTRRE_157;20;
FRTRRE_158;25;
FRTRRE_159;25;
FRTRRE_160;50;
FRTRRE_161;50;
FRTRRE_162;70;
FRVOBL_001;10;
FRVOBL_002;15;
FRVOBL_003;5;
FRVOBL_004;3;
FRVOBL_005;0;
FRVOBL_006;0;
FRVOBL_007;0;
FRVOEQ_001;74.79;
FRVOEQ_002;16.1;
FRVOEQ_003;22.14;
FRVOEQ_004;22.14;
FRVOEQ_005;120;
FRVOEQ_006;2.51;
FRVOEQ_007;72.46;
FRVOEQ_008;80.52;
FRVOEQ_009;2.01;
FRVOEQ_010;16.1;
FRVOEQ_011;2.01;
FRVOEQ_012;120;
FRVOEQ_013;22.14;
FRVOEQ_014;80.52;
FRVOEQ_015;72.47;
FRVOEQ_016;69.65;
FRVOEQ_017;32.24;
FRVOEQ_018;2.52;
FRVOEQ_019;22.14;
FRVORX_004;3.88;
FRVOSE_001;1.7;
FRVOSE_002;25.42;
FRVOSE_002;50.85;
FRVOSE_003;101.69;
FRVOSV_001;0.85;
FRVOSV_002;0;
FRVOSV_004;25.56;
FRVOSV_005;30.17;
FRVOSV_006;0;
FRVOSV_007;2.52;
FRVRDE_001;4.24;
FRVRDE_002;100;
FRVRDE_010;4.24;
FRVRDE_011;8.47;
FRVRDE_012;8.47;
FRVRDE_013;12.71;
FRVRDE_014;8.47;
FRVRDE_015;8.47;
FRVRDE_016;16.95;
FRVRDE_017;4.24;
FRVRDE_018;8.47;
FRVRDE_019;12.71;
FRVRDE_020;21.19;
FRVRDE_021;29.66;
FRVRDE_022;25.42;
FRVRDE_023;33.9;
FRVRDE_024;16.95;
FRVRDE_025;0.85;
FRVRDE_026;1.69;
FRVRDE_027;3.81;
FRVRDE_028;6.78;
FRVRDE_029;84.75;
FRVRDE_030;42.37;
FRVRDE_031;50.85;
FRVRDE_032;59.32;
FRVRDE_033;67.8;
FRVRDE_034;76.27;
FRVRDE_035;101.69;
FRVRDE_036;8.47;
FRVREQBD_001;100;
FRVREQBM_001;12.9;
FRVRPL_001;0.85;ADELANTADA
FRVRPL_002;18.22;ADELANTADA
FRVRPL_003;23.69;ADELANTADA
FRVRPL_004;39.73;ADELANTADA
FRVRPL_005;42.37;ADELANTADA
FRVRPL_006;42.37;ADELANTADA
FRVRPL_007;8.47;VENCIDA
FRVRPL_008;24.01;ADELANTADA
FRVRPL_009;19.77;ADELANTADA
FRVRPL_011;24.85;ADELANTADA
FRVRPL_012;24.85;ADELANTADA
FRVRPL_013;28.24;ADELANTADA
FRVRPL_014;39.8;ADELANTADA
FRVRPL_016;40.81;ADELANTADA
FRVRPL_017;10.17;ADELANTADA
FRVRPL_017;12.71;ADELANTADA
FRVRPL_017;53.49;ADELANTADA
FRVRPL_017;8.47;ADELANTADA
FRVRPL_018;18.22;VENCIDA
FRVRPL_018;8.47;VENCIDA
FRVRPL_019;0;ADELANTADA
FRVRPL_019;10.76;ADELANTADA
FRVRPL_019;18.22;ADELANTADA
FRVRPL_019;21.46;ADELANTADA
FRVRPL_019;22.29;ADELANTADA
FRVRPL_019;23.69;ADELANTADA
FRVRPL_019;24.15;ADELANTADA
FRVRPL_019;24.85;ADELANTADA
FRVRPL_019;27.12;ADELANTADA
FRVRPL_019;33.9;ADELANTADA
FRVRPL_019;35.25;ADELANTADA
FRVRPL_019;39.24;ADELANTADA
FRVRPL_019;39.73;ADELANTADA
FRVRPL_019;40.79;ADELANTADA
FRVRPL_019;40.81;ADELANTADA
FRVRPL_019;46.28;ADELANTADA
FRVRPL_019;8.47;ADELANTADA
FRVRPL_020;48.3;ADELANTADA
FRVRPL_021;23.69;ADELANTADA
FRVRPL_022;40.79;ADELANTADA
FRVRPL_022;63.39;ADELANTADA
FRVRPL_023;10.17;ADELANTADA
FRVRPL_024;0;ADELANTADA
FRVRPL_024;10.17;ADELANTADA
FRVRPL_024;12.98;ADELANTADA
FRVRPL_024;16.95;ADELANTADA
FRVRPL_024;17.51;ADELANTADA
FRVRPL_024;7.7;ADELANTADA
FRVRPL_025;0;VENCIDA
FRVRPL_026;0;VENCIDA
FRVRPL_027;0;VENCIDA
FRVRPL_028;0;VENCIDA
FRVRPL_031;48.92;VENCIDA
FRVRPL_032;0;VENCIDA
FRVRPL_034;0;VENCIDA
FRVRPL_035;0;VENCIDA
FRVRPL_036;0;VENCIDA
FRVRPL_037;48.92;VENCIDA
FRVRPL_038;48.92;VENCIDA
FRVRPL_039;0;VENCIDA
FRVRPL_040;0;VENCIDA
FRVRPL_041;0;VENCIDA
FRVRPL_042;0;VENCIDA
FRVRPL_043;0;VENCIDA
FRVRPL_044;0;VENCIDA
FRVRPL_045;10.76;ADELANTADA
FRVRPL_045;23.69;ADELANTADA
FRVRPL_045;33.9;ADELANTADA
FRVRPL_045;46.28;ADELANTADA
FRVRPL_046;24.01;ADELANTADA
FRVRPL_047;8.47;ADELANTADA
FRVRPL_048;84.67;ADELANTADA
FRVRPQ_001;8.47;
FRVRPQ_002;12.71;
FRVRPQ_003;16.95;
FRVRPQ_004;21.19;
FRVRPQ_005;25.42;
FRVRPQ_006;29.66;
FRVRPQ_007;33.9;
FRVRPQ_008;38.14;
FRVRPQ_009;42.37;
FRVRPQ_010;2.54;
FRVRPQ_011;4.24;
FRVRPQ_012;5.93;
FRVRPQ_017;0;
FRVRPQ_018;50.85;
FRVRPQ_019;59.32;
FRVRPQ_020;67.8;
FRVRPQ_021;84.75;
FRVRRE_001;8.47;
FRVRRE_002;25;
FRVRRE_003;25;
FRVRRE_004;50;
FRVRRE_005;50;
FRVRRE_006;70;
FRVRRE_007;95;
FRVRRE_008;10;
FRVRRE_009;10;
FRVRRE_010;70;
FRVRRE_011;95;
FRVRRE_012;16.95;
FRVRRE_013;33.9;
FRVRRE_014;42.37;
FRVRRE_015;16.95;
FRVRRE_016;33.9;
FRVRRE_017;42.37;
FRVRRE_018;100;
FRVRRE_019;50;
FRVRRE_020;16.95;
FRVRRE_021;33.9;
FRVRRE_022;42.37;
FRVRRE_023;50;
FRVRRE_024;50;
FRVRRE_025;20;
FRVRRE_026;30;
FRVRRE_027;40;
FRVRRE_028;20;
FRVRRE_029;30;
FRVRRE_030;40;
FRVRRE_031;50;
FRVRRE_032;50;
FRVRRE_033;50;
FRVRRE_034;10;
FRVRRE_035;10;
FRVRRE_036;20;
FRVRRE_037;30;
FRVRRE_038;40;
FRVRRE_039;50;
FRVRRE_040;20;
FRVRRE_041;30;
FRVRRE_042;40;
FRVRRE_043;50;
FRVRRE_044;50;
FRVRRE_045;50;
FRVRRE_046;20;
FRVRRE_047;30;
FRVRRE_048;40;
FRVRRE_049;20;
FRVRRE_050;30;
FRVRRE_051;40;
FRVRRE_052;10;
FRVRRE_053;15;
FRVRRE_054;20;
FRVRRE_055;25;
FRVRRE_056;20;
FRVRRE_057;30;
FRVRRE_058;40;
FRVRRE_059;20;
FRVRRE_060;30;
FRVRRE_061;40;
FRVRRE_062;100;
FRVRRE_063;12.92;
FRVRRE_064;100;
FRVRRE_065;100;
FRVRRE_066;100;
FRVRRE_067;100;
FRVRRE_068;100;
FRVRRE_069;100;
FRVRRE_070;25.42;
FRVRRE_071;10;
FRVRRE_072;15;
FRVRRE_073;20;
FRVRRE_074;25;
FRVRRE_075;25;
FRVRRE_076;50;
FRVRRE_077;50;
FRVRRE_078;70;
FRVRSV_001;7.13;
FRVRSV_002;7;
FRVRSV_005;4.16;
FRVRSV_006;4.24;
FRVRSV_007;2.4;
FRVRSV_008;2.4;
FRVRSV_009;2.4;
FRVRSV_010;2.4;
FRVRSV_011;2.4;
FRVRSV_012;3.32;
FRVRSV_013;2.4;
FRVRSV_014;2.4;
FRVRSV_015;4.2;
FRVRSV_016;4.2;
FRVRSV_017;8.4;
FRVRSV_018;8.4;
FRVRSV_019;0;
FRVRSV_020;0;
FRVRSV_021;0;
FRVRSV_022;0;
FRVRSV_023;0;
FRVRSV_024;0;
FRVRSV_025;0;
FRVRSV_026;0;
FRVRSV_027;0;
FRVRSV_028;8.4;
FRVRSV_029;5.88;
FRVRSV_030;2.52;
FRVRSV_031;7.56;
FRVRSV_032;4.2;
FRVRSV_033;4.2;
FRVTSE_001;1.7;
FRVTSE_002;8.47;
MRMRDE_001;50;
OC_BONAMAZAP3M;16.9;
OC_BONAMAZAP4M;16.9;
OC_BONAMAZAP6M;16.9;
OC_PAQCO01;12.71;
OC_PAQCO02;25.42;
OC_PAQCO03;16.95;
OC_PAQCO04;25.42;
OC_PAQCO05;12.71;
OC_PAQCO06;16.95;
OC_PAQCO07;8.47;
OC_PAQCO08;12.71;
OC_PAQCO09;21.19;
OC_PAQCO10;23.73;
OC_PAQCO11;33.9;
OC_PAQCO12;12.71;
OC_PAQCO13;25.42;
OC_PAQCO14;46.61;
OC_PAQCO15;72.03;
OC_PAQCO16;50.85;
OC_PAQCO17;84.75;
OC_PAQCO18;169.49;
OC_PAQCO19;254.24;
OC_PAQCO20;381.36;
OC_PAQCO21;55.08;
OC_PAQCO22;105.93;
OC_PAQCO23;135.59;
OC_PAQCO24;33.81;
OC_PAQCO25;25.34;
OC_PAQCO26;84.66;
OC_PAQCO27;93.14;
OC_PAQCO28;67.71;
OC_PAQCO29;237.2;
OC_PAQCO30;152.46;
OC_PAQCO31;101.61;
OC_PAQCO32;381.27;
OC_PAQRE01;25.42;
OC_PAQRE02;4.24;
OC_PAQRE03;8.47;
OC_PAQRE04;12.71;
OC_PAQRE05;21.19;
OC_PAQRE06;25.42;
OC_PAQRE07;33.9;
OC_PAQRE08;4.24;
OC_PAQRE09;8.47;
OC_PAQRE10;12.71;
OC_PAQRE11;21.19;
OC_PAQRE12;0.85;
OC_PAQRE13;4.24;
OC_PAQRE14;8.47;
OC_PAQRE15;4.24;
OC_PAQRE16;25.34;
OC_PAQRE17;33.81;
OC_PAQRE18;84.66;
OC_PAQRE19;12.71;
OC_PAQRE20;16.95;
OC_PAQRE21;21.19;
OC_PAQRE22;25.42;
OC_PAQRE23;33.9;
OC_PAQRE24;16.95;
OC_PAQRE25;16.95;
OC_PAQRE26;25.42;
OC_PAQRE27;25.42;
OC_PAQRE28;38.14;
OC_PAQRE29;38.14;
OC_PAQRE30;25.42;
OC_PAQRE31;610.17;
OC_PAQRE32;1220.34;
OC_PAQRE33;8.47;
OC_PAQRE34;16.95;
OC_PAQRE35;25.42;
OC_PAQRE36;4.24;
OC_PAQRE37;4.24;
OC_PAQRE38;5.93;
OC_PAQRE39;8.47;
OC_PAQRE40;12.71;
OC_SERVCO01;10.17;
OC_SERVCO02;20;
OC_SERVCO03;4661.02;
OC_SERVCO04;5508.47;
OC_SERVCO05;6355.93;
OC_SIM_Recibo;0.85;
OC1_AJUBOL11;250;
OC1_ALQUIEQMOV;130;
OC1_CAMBIONUM;0.85;
OC1_EnvioEquipo;0;
OC1_FACTDETALLE;0;
OC1_MU_NIV_2;350;
OC1_PAQ1;13.56;
OC1_PAQ10;13.56;
OC1_PAQ11;21.19;
OC1_PAQ12;33.9;
OC1_PAQ13;25.42;
OC1_PAQ13;30;
OC1_PAQ14;63.56;
OC1_PAQ15;93.22;
OC1_PAQ16;122.88;
OC1_PAQ17;10.17;
OC1_PAQ18;2;
OC1_PAQ19;2;
OC1_PAQ2;16.1;
OC1_PAQ20;3;
OC1_PAQ21;4;
OC1_PAQ22;6.78;
OC1_PAQ23;10.17;
OC1_PAQ24;12.71;
OC1_PAQ25;12.71;
OC1_PAQ26;6.78;
OC1_PAQ27;12.71;
OC1_PAQ28;25.42;
OC1_PAQ29;7.54;
OC1_PAQ3;21.19;
OC1_PAQ30;5.93;
OC1_PAQ31;5.93;
OC1_PAQ32;5.93;
OC1_PAQ33;5.93;
OC1_PAQ34;16.95;
OC1_PAQ35;16.95;
OC1_PAQ36;25.17;
OC1_PAQ37;211.4;
OC1_PAQ38;49.2;
OC1_PAQ39;24.6;
OC1_PAQ4;12.71;
OC1_PAQ40;30;
OC1_PAQ41;19.08;
OC1_PAQ42;4.24;
OC1_PAQ43;8.47;
OC1_PAQ44;10.17;
OC1_PAQ45;8.47;
OC1_PAQ46;13.56;
OC1_PAQ47;4.24;
OC1_PAQ48;8.47;
OC1_PAQ49;12.71;
OC1_PAQ5;16.95;
OC1_PAQ50;16.95;
OC1_PAQ51;25.42;
OC1_PAQ52;4.24;
OC1_PAQ53;8.47;
OC1_PAQ54;4.24;
OC1_PAQ55;8.47;
OC1_PAQ56;12.71;
OC1_PAQ57;25.42;
OC1_PAQ58;42.37;
OC1_PAQ59;2.54;
OC1_PAQ6;8.47;
OC1_PAQ60;64.1;
OC1_PAQ61;119.66;
OC1_PAQ62;25.64;
OC1_PAQ63;16.03;
OC1_PAQ64;67.52;
OC1_PAQ65;32.05;
OC1_PAQ66;85.47;
OC1_PAQ67;25.42;
OC1_PAQ68;10.17;
OC1_PAQ69;42.37;
OC1_PAQ7;8.47;
OC1_PAQ70;16.95;
OC1_PAQ71;21.19;
OC1_PAQ72;84.75;
OC1_PAQ73;50.85;
OC1_PAQ74;42.29;
OC1_PAQ75;42.29;
OC1_PAQ76;42.29;
OC1_PAQ77;5.08;
OC1_PAQ78;4.23;
OC1_PAQ79;4.23;
OC1_PAQ8;8.47;
OC1_PAQ80;300;
OC1_PAQ81;4.23;
OC1_PAQ9;12.71;
OC1_PASMOVI;0;
OC1_PASZOAME;16.95;
OC1_PASZOAME1;16.95;
OC1_PASZOASI;38.14;
OC1_PASZOASI1;38.14;
OC1_PASZOCAN;4.24;
OC1_PASZOEUR;25.42;
OC1_PASZOEUR1;25.42;
OC1_PrecioChip;0;
OC1_PrecioChip;0.85;
OC1_PrecioChipI;0.85;
OC1_PrecioChipI;1;
OC1_PrecioEquip;1;
OC1_RECONEXION;3.88;
OC1_REGPELOTA;16.95;
OC1_ROAMBODAT06;450;
OC1_ROAMBODAT08;423.73;
OC1_ROAMPQDAT01;21.19;
OC1_ROAMPQDAT02;350;
OC1_ROAMPQDAT02;42.37;
OC1_ROAMPQDAT03;84.75;
OC1_ROAMPQDAT04;211.86;
OC1_ROAMPQDAT05;296.61;
OC1_ROAMPQDAT07;50.85;
OC1_ROAMPQDAT08;169.49;
OC1_ROAMPQDAT09;254.24;
OC1_ROAMPQDAT10;381.36;
OC1_ROAMPQDAT11;67.8;
OC1_ROAMPQDAT12;101.69;
OC1_ROAMPQDAT13;169.49;
OC1_ROAMPQDAT14;254.24;
OC1_ROAMPQDAT15;152.54;
OC1_ROAMPQSMS01;12.71;
OC1_ROAMPQVOZ01;21.19;
OC1_ROAMPQVOZ02;42.37;
OC1_ROAMPQVOZ03;63.56;
OC1_ROAMPQVOZ04;84.75;
OC1_SUSCAMAZPV;14.32;
OCCOR_002;1000;
OCCOR_003;1000;
OCCOR_004;1000;
OCCOR_005;1000;
OCCOR_006;1000;
OCCOR_007;25.42;
OCCOR_008;40;
OCCOR_011;40;
OCCOR_012;1000;
OCCOR_018;10;
OCCOR_019;1000;
OCCOR_020;1000;
OCCOR_021;1000;
OCCOR_022;9;
OCCOR_023;462;
OCCOR_024;462;
OCCOR_025;462;
OCCOR_026;2640;
OCCOR_027;462;
OCCOR_028;100;
OCCOR_029;100;
OCCOR_030;40;
OCCOR_031;2640;
OCCOR_032;100;
OCCOR_033;40;
OCCOR_034;462;
OCCOR_035;2640;
OCCOR_036;100;
OCCOR_037;2640;
OCCOR_038;2640;
OCCOR_039;462;
OCCOR_040;2640;
OCCOR_041;462;
OCCOR_042;2640;
OCCOR_043;100;
OCCOR_044;100;
OCCOR_045;35;
OCCOR_046;150;
OCCOR_047;5000;
OCCOR_053;10000;
OCCOR_054;50000;
OCCOR_055;5000;
OCD_BONPAQRE31;100;
OCD_BONPAQRE32;100;
OCD_BONPAQRE33;100;
OCD_PAQNE01;85.75;
OCD_PAQNE02;5.9;
OCD_PAQNE03;11.8;
OCD_PAQNE04;35.4;
OCD_PAQRE01;0;
OCD_PAQRE02;0;
OCD_PAQRE03;25.42;
OCD_PAQRE04;33.9;
OCD_PAQRE05;4.24;
OCD_PAQRE06;5.93;
OCD_PAQRE07;5.93;
OCD_PAQRE08;8.47;
OCD_PAQRE09;12.71;
OCD_PAQRE10;8.47;
OCD_PAQRE11;2.54;
OCD_PAQRE12;33.81;
OCD_PAQRE13;168.64;
OCD_PAQRE14;0.01;
OCD_PAQRE15;0.01;
OCD_PAQRE18;101.69;
OCD_PAQRE19;10.17;
OCD_PAQRE20;15.25;
OCD_PAQRE21;21.18;
OCD_PAQRE22;12.71;
OCD_PAQRE23;8.47;
OCD_PAQRE24;100.85;
OCD_PAQRE25;141.2;
OCD_PAQRE26;0;
OCD_PAQRE27;50;
OCD_PAQRE28;300;
OCD_PAQRE29;169.49;
OCD_PAQRE30;16.95;
OCD_PAQRE31;25.42;
OCD_PAQRE32;42.37;
OCD_PAQRE33;84.74;
OCD_PAQRE34;17.29;
OCD_PAQRE35;17.63;
OCD_PAQRE36;17.97;
OCD_PAQRE37;18.31;
OCD_PAQRE38;18.64;
OCD_PAQRE39;20.34;
OCD_PAQRE40;22.03;
OCD_PAQRE41;23.73;
OCD_PAQRE42;25.42;
OCD_PAQRE43;4.24;
OCD_PAQRE44;29.66;
OCD_PAQRE45;10.99;
OCD_PAQRE46;13.74;
OCD_PAQRE47;96;
OCD_PAQRE48;0;
OCD_PAQRE49;0;
OCD_PAQRE50;35.5;
OCD_PAQRE51;35.5;
OCD_PAQRE52;84.4;
OCD_PAQRE53;84.4;
RC_911ADICIO1;3.59;
RC_911ADICIO2;7.18;
RC_911ADICIO3;10.77;
RC_911BASICO;2.74;
RC_911TITULAR;3.59;
RC_CPLP3505;132.95;ADELANTADA
RC_CPQBONP86;100;
RC_CPQBONP87;100;
RC_CPQP10;76.27;
RC_CPQP100;59.32;
RC_CPQP101;67.8;
RC_CPQP102;76.27;
RC_CPQP103;84.75;
RC_CPQP104;93.22;
RC_CPQP105;8.47;
RC_CPQP106;9.32;
RC_CPQP107;11.02;
RC_CPQP108;16.1;
RC_CPQP109;81.31;
RC_CPQP110;23.02;
RC_CPQP111;13.32;
RC_CPQP112;73.71;
RC_CPQP113;87.53;
RC_CPQP114;57.57;
RC_CPQP115;27.63;
RC_CPQP116;80.62;
RC_CPQP117;73.71;
RC_CPQP118;46.08;
RC_CPQP119;39.75;
RC_CPQP12;5.48;
RC_CPQP120;39.75;
RC_CPQP121;69.11;
RC_CPQP122;80.62;
RC_CPQP123;8.9;
RC_CPQP124;18.75;
RC_CPQP125;69.08;
RC_CPQP126;46.08;
RC_CPQP127;64.5;
RC_CPQP128;55.29;
RC_CPQP129;73.71;
RC_CPQP13;4.5;
RC_CPQP130;64.5;
RC_CPQP131;57.57;
RC_CPQP132;52.96;
RC_CPQP133;43.75;
RC_CPQP134;39.14;
RC_CPQP135;34.54;
RC_CPQP136;18.42;
RC_CPQP137;50.36;
RC_CPQP141;3.5;
RC_CPQP142;2.3;
RC_CPQP143;3.5;
RC_CPQP148;4;
RC_CPQP149;6;
RC_CPQP150;7;
RC_CPQP151;4.24;
RC_CPQP152;8.47;
RC_CPQP153;12.71;
RC_CPQP154;21.19;
RC_CPQP155;29.66;
RC_CPQP156;55.08;
RC_CPQP157;84.75;
RC_CPQP158;58.47;ADELANTADA
RC_CPQP18;4;
RC_CPQP19;104.56;
RC_CPQP2;67.79;
RC_CPQP20;2.7;
RC_CPQP21;3.78;
RC_CPQP22;1.37;
RC_CPQP23;6;
RC_CPQP24;69.68;
RC_CPQP25;5;
RC_CPQP26;8;
RC_CPQP27;12;
RC_CPQP28;6;
RC_CPQP29;13.89;
RC_CPQP3;88.98;
RC_CPQP30;32;
RC_CPQP31;26;
RC_CPQP32;18;
RC_CPQP33;12;
RC_CPQP34;8.05;
RC_CPQP35;14;
RC_CPQP36;4.5;
RC_CPQP37;10;
RC_CPQP38;5.5;
RC_CPQP39;25;
RC_CPQP4;135.59;
RC_CPQP40;72.04;
RC_CPQP41;16;
RC_CPQP42;51.1;
RC_CPQP43;5.85;
RC_CPQP44;4.15;
RC_CPQP45;25.33;
RC_CPQP46;341.25;
RC_CPQP47;2.74;
RC_CPQP48;7.54;
RC_CPQP49;20;
RC_CPQP50;69.11;
RC_CPQP51;46.61;
RC_CPQP52;31;
RC_CPQP53;24;
RC_CPQP54;21.19;
RC_CPQP55;101.69;
RC_CPQP56;1.27;
RC_CPQP57;42.37;
RC_CPQP58;50.84;
RC_CPQP59;59.32;
RC_CPQP6;16.95;
RC_CPQP60;12.71;
RC_CPQP61;46.07;
RC_CPQP62;63.55;
RC_CPQP63;135.63;
RC_CPQP64;33.89;
RC_CPQP65;76.27;
RC_CPQP66;12.71;
RC_CPQP67;38.13;
RC_CPQP68;59.32;
RC_CPQP69;4.23;
RC_CPQP7;50.85;
RC_CPQP70;2.54;
RC_CPQP71;12.71;
RC_CPQP72;6.35;
RC_CPQP73;12.71;
RC_CPQP74;6.35;
RC_CPQP75;12.71;
RC_CPQP76;6.35;
RC_CPQP77;12.71;
RC_CPQP78;16.95;
RC_CPQP79;25.42;
RC_CPQP8;46.61;
RC_CPQP80;12.71;
RC_CPQP81;16.95;
RC_CPQP82;25.42;
RC_CPQP83;18.64;
RC_CPQP84;5.93;
RC_CPQP85;12.71;
RC_CPQP86;9.11;
RC_CPQP87;9.11;
RC_CPQP88;13.56;
RC_CPQP89;4.24;
RC_CPQP9;80.51;
RC_CPQP90;5.93;
RC_CPQP91;8.47;
RC_CPQP92;12.71;
RC_CPQP93;16.95;
RC_CPQP94;21.19;
RC_CPQP95;25.42;
RC_CPQP96;29.66;
RC_CPQP97;33.9;
RC_CPQP98;42.37;
RC_CPQP99;50.85;
RC_PAQCO01;8.47;
RC_PAQCO02;16.95;
RC_PAQCO03;25.42;
RC_PAQCO04;42.37;
RC_PAQCO05;59.32;
RC_PAQCO06;84.75;
RC_PAQCO07;14.41;
RC_PAQCO08;21.19;
RC_PAQCO09;25.42;
RC_PAQCO10;5.93;
RC_PAQCO11;11.02;
RC_PAQCO12;25.42;
RC_PAQCO13;1.69;
RC_PAQCO14;1.69;
RC_PAQCO15;2.54;
RC_PAQRE01;25.42;
RC_PLANCO01;24;ADELANTADA
RC_PLANCO02;34;ADELANTADA
RC_PLANCO03;40.1;ADELANTADA
RC_PLANCO04;22.12;ADELANTADA
RC_PLANCO05;34.47;ADELANTADA
RC_PLANCO06;60.38;ADELANTADA
RC_PLANCO07;118.05;ADELANTADA
RC_PLANCO08;67.79;ADELANTADA
RC_PLANCO09;84.74;ADELANTADA
RC_PLANCO10;127.11;ADELANTADA
RC_PLANCO11;168.64;ADELANTADA
RC_PLANCO12;144.06;ADELANTADA
RC_PLANCO13;83.9;ADELANTADA
RC_PLANCO14;117.8;ADELANTADA
RC_PLANCO15;50;ADELANTADA
RC_PLANCO16;66.95;ADELANTADA
RC_PLANCO17;100.85;ADELANTADA
RC_PLANCO18;134.75;ADELANTADA
RC_PLANCO19;66.95;ADELANTADA
RC_PLANCO20;55.93;ADELANTADA
RC_PLANCO21;35.59;ADELANTADA
RC_PLANCO22;50.85;ADELANTADA
RC_PLANCO23;74.31;ADELANTADA
RC_PLANCO24;110.17;ADELANTADA
RC_PLANCO25;26.27;ADELANTADA
RC_PLANCO26;31.36;ADELANTADA
RC_PLANCO27;20.34;ADELANTADA
RC_PLANCO28;25.42;ADELANTADA
RC_PLANCO29;50.85;ADELANTADA
RC_PLANCO30;55.08;ADELANTADA
RC_PLANCO31;80.51;ADELANTADA
RC_PLANCO32;84.75;ADELANTADA
RC_PLANCO33;126.27;ADELANTADA
RC_PLANCO34;131.36;ADELANTADA
RC_PLANCO35;144.07;ADELANTADA
RC_PLANCO36;0;ADELANTADA
RC_PLANCO37;41.53;ADELANTADA
RC_PLANCO38;29.57;ADELANTADA
RC_PLANCO39;33.81;ADELANTADA
RC_PLANCO40;16.86;ADELANTADA
RC_PLANCO41;29.57;ADELANTADA
RC_PLANCO42;16.86;ADELANTADA
RC_PLANCO43;21.1;ADELANTADA
RC_PLANCO44;25.33;ADELANTADA
RC_PLANCO45;42.28;ADELANTADA
RC_PLANCO46;50.76;ADELANTADA
RC_PLANCO47;63.47;ADELANTADA
RC_PLANCO48;84.66;ADELANTADA
RC_PLANCO49;59.23;ADELANTADA
RC_PLANCO50;67.71;ADELANTADA
RC_PLANCO51;84.66;ADELANTADA
RC_PLANCO52;101.61;ADELANTADA
RC_PLANCO53;127.03;ADELANTADA
RC_PLANCO54;169.4;ADELANTADA
RC_PLANCO55;254.15;ADELANTADA
RC_PLANCO56;169.4;ADELANTADA
RC_PLANCO57;127.03;ADELANTADA
RC_PLANCO58;97.37;ADELANTADA
RC_PLANCO59;84.66;ADELANTADA
RC_PLANCO60;67.71;ADELANTADA
RC_PLANCO61;59.23;ADELANTADA
RC_PLANCO62;50.76;ADELANTADA
RC_PLANCO63;42.28;ADELANTADA
RC_PLANCO64;33.81;ADELANTADA
RC_PLANCO65;25.33;ADELANTADA
RC_PLANCO66;21.1;ADELANTADA
RC_PLANCO67;16.86;ADELANTADA
RC_PLANCO68;12.62;ADELANTADA
RC_PLANEM01;66.01;ADELANTADA
RC_PLANEM02;56.69;ADELANTADA
RC_PLANEM03;48.22;ADELANTADA
RC_PLANEM04;61.77;ADELANTADA
RC_PLANEM05;56.69;ADELANTADA
RC_PLANEM06;53.3;ADELANTADA
RC_PLANEM07;44.83;ADELANTADA
RC_PLANEM08;41.44;ADELANTADA
RC_PLANEM09;35.5;ADELANTADA
RC_PLANEM10;88.89;ADELANTADA
RC_PLANEM11;70.25;ADELANTADA
RC_PLANEM12;53.3;ADELANTADA
RC_PLANEM13;38.89;ADELANTADA
RC_PLANEM14;29.57;ADELANTADA
RC_PLANEM15;22.79;ADELANTADA
RC_PLANEM16;29.57;ADELANTADA
RC_PLANEM17;27.63;ADELANTADA
RC_PLANEM18;32.11;ADELANTADA
RC_PLANEM19;36.35;ADELANTADA
RC_PLANEM20;38.89;ADELANTADA
RC_PLANEM21;41.44;ADELANTADA
RC_PLANEM22;50.76;ADELANTADA
RC_PLANEM23;53.3;ADELANTADA
RC_PLANEM24;53.3;ADELANTADA
RC_PLANEM25;61.77;ADELANTADA
RC_PLANEM26;101.61;ADELANTADA
RC_PLANEM27;17.71;ADELANTADA
RC_PLANEM28;21.95;ADELANTADA
RC_PLANEM29;25.42;ADELANTADA
RC_PLANEM30;30.42;ADELANTADA
RC_PLANEM31;36.35;ADELANTADA
RC_PLANEM32;38.9;ADELANTADA
RC_PLANEM33;44.83;ADELANTADA
RC_PLANEM34;47.37;ADELANTADA
RC_PLANEM35;53.3;ADELANTADA
RC_PLANEM36;61.77;ADELANTADA
RC_PLANEM37;63.47;ADELANTADA
RC_PLANEM38;70.25;ADELANTADA
RC_PLANEM39;72.8;ADELANTADA
RC_PLANEM40;84.66;ADELANTADA
RC_PLANEM41;101.61;ADELANTADA
RC_PLANEM42;127.03;ADELANTADA
RC_PLANEM43;169.41;ADELANTADA
RC_PLANEM44;35.5;ADELANTADA
RC_PLANEM45;17.71;ADELANTADA
RC_PLANEM46;21.94;ADELANTADA
RC_PLANEM47;25.42;ADELANTADA
RC_PLANEM48;30.42;ADELANTADA
RC_PLANEM49;33.81;ADELANTADA
RC_PLANEM50;38.89;ADELANTADA
RC_PLANEM51;42.28;ADELANTADA
RC_PLANEM52;47.37;ADELANTADA
RC_PLANEM53;50.76;ADELANTADA
RC_PLANEM54;59.23;ADELANTADA
RC_PLANEM55;63.47;ADELANTADA
RC_PLANEM56;67.71;ADELANTADA
RC_PLANEM57;72.79;ADELANTADA
RC_PLANEM58;84.66;ADELANTADA
RC_PLANEM59;101.61;ADELANTADA
RC_PLANEM60;127.03;ADELANTADA
RC_PLANEM61;169.4;ADELANTADA
RC_PLANEM62;25.42;ADELANTADA
RC_PLANEM63;33.81;ADELANTADA
RC_PLANEM64;0;ADELANTADA
RC_PLANNE01;169.41;ADELANTADA
RC_PLANNE02;143.98;ADELANTADA
RC_PLANNE03;127.03;ADELANTADA
RC_PLANNE04;118.56;ADELANTADA
RC_PLANNE05;110.08;ADELANTADA
RC_PLANNE06;101.61;ADELANTADA
RC_PLANNE07;98.22;ADELANTADA
RC_PLANNE08;93.98;ADELANTADA
RC_PLANNE09;85.5;ADELANTADA
RC_PLANNE10;88.89;ADELANTADA
RC_PLANNE100;88.98;ADELANTADA
RC_PLANNE101;85.5;ADELANTADA
RC_PLANNE102;80.42;ADELANTADA
RC_PLANNE103;72.8;ADELANTADA
RC_PLANNE104;71.94;ADELANTADA
RC_PLANNE105;58.38;ADELANTADA
RC_PLANNE106;61.77;ADELANTADA
RC_PLANNE107;46.61;ADELANTADA
RC_PLANNE108;41.44;ADELANTADA
RC_PLANNE109;38.89;ADELANTADA
RC_PLANNE11;77.03;ADELANTADA
RC_PLANNE110;27.03;ADELANTADA
RC_PLANNE111;67.8;ADELANTADA
RC_PLANNE112;41.53;ADELANTADA
RC_PLANNE113;52.97;ADELANTADA
RC_PLANNE114;82.63;ADELANTADA
RC_PLANNE115;103.81;ADELANTADA
RC_PLANNE116;169.4;VENCIDA
RC_PLANNE117;127.03;VENCIDA
RC_PLANNE118;110.08;VENCIDA
RC_PLANNE119;93.13;VENCIDA
RC_PLANNE12;80.42;ADELANTADA
RC_PLANNE120;76.18;VENCIDA
RC_PLANNE121;64.32;VENCIDA
RC_PLANNE122;55.84;VENCIDA
RC_PLANNE123;50.76;VENCIDA
RC_PLANNE124;42.28;VENCIDA
RC_PLANNE125;33.81;VENCIDA
RC_PLANNE126;25.42;VENCIDA
RC_PLANNE127;20.33;VENCIDA
RC_PLANNE128;25.42;VENCIDA
RC_PLANNE129;50.84;VENCIDA
RC_PLANNE13;66.01;ADELANTADA
RC_PLANNE130;55.08;VENCIDA
RC_PLANNE131;80.5;VENCIDA
RC_PLANNE132;84.74;VENCIDA
RC_PLANNE133;126.27;VENCIDA
RC_PLANNE134;131.35;VENCIDA
RC_PLANNE135;144.06;VENCIDA
RC_PLANNE136;70.25;ADELANTADA
RC_PLANNE137;56.69;ADELANTADA
RC_PLANNE138;77.03;ADELANTADA
RC_PLANNE139;80.42;ADELANTADA
RC_PLANNE14;66.01;ADELANTADA
RC_PLANNE140;71.1;ADELANTADA
RC_PLANNE141;66.01;ADELANTADA
RC_PLANNE142;61.77;ADELANTADA
RC_PLANNE143;56.69;ADELANTADA
RC_PLANNE144;53.3;ADELANTADA
RC_PLANNE145;53.3;ADELANTADA
RC_PLANNE146;48.22;ADELANTADA
RC_PLANNE147;44.83;ADELANTADA
RC_PLANNE148;41.44;ADELANTADA
RC_PLANNE149;38.89;ADELANTADA
RC_PLANNE15;58.38;ADELANTADA
RC_PLANNE150;35.5;ADELANTADA
RC_PLANNE151;32.11;ADELANTADA
RC_PLANNE152;56.69;VENCIDA
RC_PLANNE153;48.22;VENCIDA
RC_PLANNE154;38.89;VENCIDA
RC_PLANNE155;70.25;VENCIDA
RC_PLANNE156;72.8;VENCIDA
RC_PLANNE157;47.37;ADELANTADA
RC_PLANNE158;169.41;ADELANTADA
RC_PLANNE159;127.03;ADELANTADA
RC_PLANNE16;58.38;ADELANTADA
RC_PLANNE160;101.61;ADELANTADA
RC_PLANNE161;66.01;ADELANTADA
RC_PLANNE162;56.69;ADELANTADA
RC_PLANNE163;77.03;ADELANTADA
RC_PLANNE164;19.4;ADELANTADA
RC_PLANNE165;25.33;ADELANTADA
RC_PLANNE166;35.5;ADELANTADA
RC_PLANNE167;44.83;ADELANTADA
RC_PLANNE168;48.22;ADELANTADA
RC_PLANNE17;56.69;ADELANTADA
RC_PLANNE18;44.83;ADELANTADA
RC_PLANNE19;48.22;ADELANTADA
RC_PLANNE20;41.44;ADELANTADA
RC_PLANNE21;38.89;ADELANTADA
RC_PLANNE22;32.11;ADELANTADA
RC_PLANNE23;27.03;ADELANTADA
RC_PLANNE24;12.71;ADELANTADA
RC_PLANNE25;127.03;ADELANTADA
RC_PLANNE26;118.56;ADELANTADA
RC_PLANNE27;93.14;ADELANTADA
RC_PLANNE28;76.19;ADELANTADA
RC_PLANNE29;64.32;ADELANTADA
RC_PLANNE30;55.85;ADELANTADA
RC_PLANNE31;47.37;ADELANTADA
RC_PLANNE32;36.36;ADELANTADA
RC_PLANNE33;27.88;ADELANTADA
RC_PLANNE34;21.95;ADELANTADA
RC_PLANNE35;169.41;ADELANTADA
RC_PLANNE36;127.03;ADELANTADA
RC_PLANNE37;105.93;ADELANTADA
RC_PLANNE38;88.98;ADELANTADA
RC_PLANNE39;72.03;ADELANTADA
RC_PLANNE40;59.24;ADELANTADA
RC_PLANNE41;47.37;ADELANTADA
RC_PLANNE42;36.36;ADELANTADA
RC_PLANNE43;30.42;ADELANTADA
RC_PLANNE44;32.11;ADELANTADA
RC_PLANNE45;0;ADELANTADA
RC_PLANNE46;0;ADELANTADA
RC_PLANNE47;2.29;ADELANTADA
RC_PLANNE48;2.97;ADELANTADA
RC_PLANNE49;3.22;ADELANTADA
RC_PLANNE50;3.56;ADELANTADA
RC_PLANNE51;4.07;ADELANTADA
RC_PLANNE52;4.41;ADELANTADA
RC_PLANNE53;4.91;ADELANTADA
RC_PLANNE54;5.25;ADELANTADA
RC_PLANNE55;5.93;ADELANTADA
RC_PLANNE56;6.78;ADELANTADA
RC_PLANNE57;7.63;ADELANTADA
RC_PLANNE58;9.32;ADELANTADA
RC_PLANNE59;11.02;ADELANTADA
RC_PLANNE60;13.56;ADELANTADA
RC_PLANNE61;17.8;ADELANTADA
RC_PLANNE62;22.03;ADELANTADA
RC_PLANNE63;43.22;ADELANTADA
RC_PLANNE64;81.36;ADELANTADA
RC_PLANNE65;127.03;ADELANTADA
RC_PLANNE66;106.69;ADELANTADA
RC_PLANNE67;93.98;ADELANTADA
RC_PLANNE68;77.03;ADELANTADA
RC_PLANNE69;71.1;ADELANTADA
RC_PLANNE70;66.01;ADELANTADA
RC_PLANNE71;51.61;ADELANTADA
RC_PLANNE72;41.44;ADELANTADA
RC_PLANNE73;38.89;ADELANTADA
RC_PLANNE74;53.3;ADELANTADA
RC_PLANNE75;44.83;ADELANTADA
RC_PLANNE76;35.5;ADELANTADA
RC_PLANNE77;169.41;ADELANTADA
RC_PLANNE78;127.03;ADELANTADA
RC_PLANNE79;110.08;ADELANTADA
RC_PLANNE80;97.37;ADELANTADA
RC_PLANNE81;88.89;ADELANTADA
RC_PLANNE82;70.25;ADELANTADA
RC_PLANNE83;77.03;ADELANTADA
RC_PLANNE84;169.41;ADELANTADA
RC_PLANNE85;127.03;ADELANTADA
RC_PLANNE86;105.93;ADELANTADA
RC_PLANNE87;88.98;ADELANTADA
RC_PLANNE88;72.03;ADELANTADA
RC_PLANNE89;55.85;ADELANTADA
RC_PLANNE90;47.37;ADELANTADA
RC_PLANNE91;70.25;ADELANTADA
RC_PLANNE92;53.3;ADELANTADA
RC_PLANNE93;41.44;ADELANTADA
RC_PLANNE94;32.11;ADELANTADA
RC_PLANNE95;23.64;ADELANTADA
RC_PLANNE96;66.01;ADELANTADA
RC_PLANNE97;56.69;ADELANTADA
RC_PLANNE98;44.83;ADELANTADA
RC_PLANNE99;38.89;ADELANTADA
RC_PLANRE01;127.03;VENCIDA
RC_PLANRE02;50.76;VENCIDA
RC_PLANRE05;169.41;VENCIDA
RC_PLANRE06;143.98;VENCIDA
RC_PLANRE07;127.03;VENCIDA
RC_PLANRE08;127.03;VENCIDA
RC_PLANRE09;110.08;VENCIDA
RC_PLANRE10;110.08;VENCIDA
RC_PLANRE100;59.23;ADELANTADA
RC_PLANRE101;88.89;ADELANTADA
RC_PLANRE102;88.89;ADELANTADA
RC_PLANRE103;76.18;ADELANTADA
RC_PLANRE104;101.61;ADELANTADA
RC_PLANRE105;101.61;ADELANTADA
RC_PLANRE106;97.37;ADELANTADA
RC_PLANRE107;31.27;ADELANTADA
RC_PLANRE108;31.27;VENCIDA
RC_PLANRE109;36.35;ADELANTADA
RC_PLANRE11;93.13;VENCIDA
RC_PLANRE110;36.35;VENCIDA
RC_PLANRE111;21.94;ADELANTADA
RC_PLANRE112;25.42;ADELANTADA
RC_PLANRE113;30.42;ADELANTADA
RC_PLANRE114;33.81;ADELANTADA
RC_PLANRE115;38.89;ADELANTADA
RC_PLANRE116;50.84;ADELANTADA
RC_PLANRE117;46.61;ADELANTADA
RC_PLANRE118;36.02;ADELANTADA
RC_PLANRE119;105.93;ADELANTADA
RC_PLANRE12;101.61;VENCIDA
RC_PLANRE12;93.13;VENCIDA
RC_PLANRE120;59.32;ADELANTADA
RC_PLANRE121;41.52;ADELANTADA
RC_PLANRE122;17.71;ADELANTADA
RC_PLANRE123;0.85;ADELANTADA
RC_PLANRE124;0;ADELANTADA
RC_PLANRE125;43.98;VENCIDA
RC_PLANRE126;38.89;VENCIDA
RC_PLANRE127;16.02;ADELANTADA
RC_PLANRE128;16.02;ADELANTADA
RC_PLANRE129;127.03;ADELANTADA
RC_PLANRE13;77.03;VENCIDA
RC_PLANRE130;118.55;ADELANTADA
RC_PLANRE131;101.61;ADELANTADA
RC_PLANRE132;88.89;ADELANTADA
RC_PLANRE133;77.03;ADELANTADA
RC_PLANRE134;70.25;ADELANTADA
RC_PLANRE134;72.79;ADELANTADA
RC_PLANRE135;61.77;ADELANTADA
RC_PLANRE136;53.3;ADELANTADA
RC_PLANRE137;43.98;ADELANTADA
RC_PLANRE138;36.35;ADELANTADA
RC_PLANRE139;53.3;ADELANTADA
RC_PLANRE14;84.66;VENCIDA
RC_PLANRE14;88.89;VENCIDA
RC_PLANRE140;43.98;ADELANTADA
RC_PLANRE141;36.35;ADELANTADA
RC_PLANRE142;127.03;VENCIDA
RC_PLANRE143;118.55;VENCIDA
RC_PLANRE144;101.61;VENCIDA
RC_PLANRE145;88.89;VENCIDA
RC_PLANRE146;77.03;VENCIDA
RC_PLANRE147;70.25;VENCIDA
RC_PLANRE147;72.79;VENCIDA
RC_PLANRE148;61.77;VENCIDA
RC_PLANRE149;53.3;VENCIDA
RC_PLANRE15;72.8;VENCIDA
RC_PLANRE150;43.98;VENCIDA
RC_PLANRE151;36.35;VENCIDA
RC_PLANRE152;53.3;VENCIDA
RC_PLANRE153;43.98;VENCIDA
RC_PLANRE154;36.35;VENCIDA
RC_PLANRE155;0;ADELANTADA
RC_PLANRE156;12.71;ADELANTADA
RC_PLANRE157;12.7;ADELANTADA
RC_PLANRE158;205.08;VENCIDA
RC_PLANRE159;95.76;VENCIDA
RC_PLANRE16;55.84;VENCIDA
RC_PLANRE160;65.25;VENCIDA
RC_PLANRE161;78.81;VENCIDA
RC_PLANRE162;52.54;VENCIDA
RC_PLANRE163;52.54;VENCIDA
RC_PLANRE164;65.25;VENCIDA
RC_PLANRE165;78.81;VENCIDA
RC_PLANRE166;88.98;VENCIDA
RC_PLANRE167;139.83;VENCIDA
RC_PLANRE168;224.57;VENCIDA
RC_PLANRE169;224.57;VENCIDA
RC_PLANRE17;50.76;VENCIDA
RC_PLANRE170;67.62;VENCIDA
RC_PLANRE171;84.57;VENCIDA
RC_PLANRE172;95.42;VENCIDA
RC_PLANRE173;106.27;VENCIDA
RC_PLANRE174;128.64;VENCIDA
RC_PLANRE175;254.06;VENCIDA
RC_PLANRE176;237.11;VENCIDA
RC_PLANRE177;143.22;VENCIDA
RC_PLANRE178;168.64;VENCIDA
RC_PLANRE179;127.03;VENCIDA
RC_PLANRE18;50.76;VENCIDA
RC_PLANRE180;31.27;VENCIDA
RC_PLANRE181;31.27;ADELANTADA
RC_PLANRE182;156.77;VENCIDA
RC_PLANRE183;165.93;VENCIDA
RC_PLANRE184;50.76;VENCIDA
RC_PLANRE185;55.08;VENCIDA
RC_PLANRE186;55.08;VENCIDA
RC_PLANRE187;84.74;VENCIDA
RC_PLANRE188;84.74;VENCIDA
RC_PLANRE189;133.89;VENCIDA
RC_PLANRE19;42.29;VENCIDA
RC_PLANRE190;179.66;VENCIDA
RC_PLANRE191;72.79;VENCIDA
RC_PLANRE192;33.89;VENCIDA
RC_PLANRE193;33.89;VENCIDA
RC_PLANRE194;33.89;ADELANTADA
RC_PLANRE195;179.49;VENCIDA
RC_PLANRE196;33.89;ADELANTADA
RC_PLANRE197;101.61;ADELANTADA
RC_PLANRE198;88.89;ADELANTADA
RC_PLANRE199;101.61;VENCIDA
RC_PLANRE20;42.29;VENCIDA
RC_PLANRE200;88.89;VENCIDA
RC_PLANRE201;70.25;ADELANTADA
RC_PLANRE202;70.25;VENCIDA
RC_PLANRE203;169.4;ADELANTADA
RC_PLANRE204;169.4;VENCIDA
RC_PLANRE205;143.98;ADELANTADA
RC_PLANRE206;143.98;VENCIDA
RC_PLANRE207;110.08;ADELANTADA
RC_PLANRE208;110.08;VENCIDA
RC_PLANRE209;63.47;ADELANTADA
RC_PLANRE21;36.35;VENCIDA
RC_PLANRE210;66.01;VENCIDA
RC_PLANRE211;49.07;ADELANTADA
RC_PLANRE212;55.84;VENCIDA
RC_PLANRE213;38.9;ADELANTADA
RC_PLANRE214;45.67;VENCIDA
RC_PLANRE215;32.11;ADELANTADA
RC_PLANRE216;38.89;VENCIDA
RC_PLANRE217;25.33;VENCIDA
RC_PLANRE218;33.81;VENCIDA
RC_PLANRE219;33.81;ADELANTADA
RC_PLANRE22;27.88;VENCIDA
RC_PLANRE220;33.81;VENCIDA
RC_PLANRE221;27.03;ADELANTADA
RC_PLANRE222;27.03;VENCIDA
RC_PLANRE223;101.61;ADELANTADA
RC_PLANRE224;88.89;ADELANTADA
RC_PLANRE225;88.89;ADELANTADA
RC_PLANRE226;67.71;ADELANTADA
RC_PLANRE227;77.03;ADELANTADA
RC_PLANRE228;101.61;VENCIDA
RC_PLANRE229;88.89;VENCIDA
RC_PLANRE23;25.33;VENCIDA
RC_PLANRE230;88.89;VENCIDA
RC_PLANRE231;70.25;VENCIDA
RC_PLANRE232;77.03;VENCIDA
RC_PLANRE233;61.77;ADELANTADA
RC_PLANRE234;61.77;ADELANTADA
RC_PLANRE235;58.38;ADELANTADA
RC_PLANRE236;53.3;ADELANTADA
RC_PLANRE237;47.37;ADELANTADA
RC_PLANRE238;43.98;ADELANTADA
RC_PLANRE239;50.76;ADELANTADA
RC_PLANRE24;169.41;VENCIDA
RC_PLANRE240;47.37;ADELANTADA
RC_PLANRE241;43.98;ADELANTADA
RC_PLANRE242;61.77;VENCIDA
RC_PLANRE243;61.77;VENCIDA
RC_PLANRE244;58.38;VENCIDA
RC_PLANRE245;53.3;VENCIDA
RC_PLANRE246;47.37;VENCIDA
RC_PLANRE247;43.98;VENCIDA
RC_PLANRE248;50.76;VENCIDA
RC_PLANRE249;47.37;VENCIDA
RC_PLANRE25;143.98;VENCIDA
RC_PLANRE250;43.98;VENCIDA
RC_PLANRE251;47.37;VENCIDA
RC_PLANRE252;47.37;VENCIDA
RC_PLANRE253;43.98;VENCIDA
RC_PLANRE254;43.98;VENCIDA
RC_PLANRE255;58.38;VENCIDA
RC_PLANRE256;50.76;VENCIDA
RC_PLANRE257;36.35;ADELANTADA
RC_PLANRE258;31.27;ADELANTADA
RC_PLANRE259;28.72;ADELANTADA
RC_PLANRE26;118.56;VENCIDA
RC_PLANRE26;127.03;VENCIDA
RC_PLANRE26;135.59;VENCIDA
RC_PLANRE260;36.35;ADELANTADA
RC_PLANRE261;31.27;ADELANTADA
RC_PLANRE262;36.35;VENCIDA
RC_PLANRE263;31.27;VENCIDA
RC_PLANRE264;28.72;VENCIDA
RC_PLANRE265;36.35;VENCIDA
RC_PLANRE266;31.27;VENCIDA
RC_PLANRE267;44.83;VENCIDA
RC_PLANRE268;53.38;VENCIDA
RC_PLANRE269;58.47;VENCIDA
RC_PLANRE27;110.08;VENCIDA
RC_PLANRE270;74.57;VENCIDA
RC_PLANRE271;74.57;VENCIDA
RC_PLANRE272;76.18;VENCIDA
RC_PLANRE273;58.38;VENCIDA
RC_PLANRE274;13.47;VENCIDA
RC_PLANRE275;27.12;ADELANTADA
RC_PLANRE276;27.12;ADELANTADA
RC_PLANRE277;34.66;VENCIDA
RC_PLANRE278;41.44;ADELANTADA
RC_PLANRE279;67.71;ADELANTADA
RC_PLANRE28;101.61;VENCIDA
RC_PLANRE28;110.08;VENCIDA
RC_PLANRE280;67.71;VENCIDA
RC_PLANRE281;58.38;ADELANTADA
RC_PLANRE282;48.22;ADELANTADA
RC_PLANRE283;41.44;ADELANTADA
RC_PLANRE284;45.67;ADELANTADA
RC_PLANRE285;41.44;ADELANTADA
RC_PLANRE286;27.88;ADELANTADA
RC_PLANRE287;58.38;VENCIDA
RC_PLANRE288;48.22;VENCIDA
RC_PLANRE289;41.44;VENCIDA
RC_PLANRE29;101.61;VENCIDA
RC_PLANRE29;93.13;VENCIDA
RC_PLANRE290;45.67;VENCIDA
RC_PLANRE291;41.44;VENCIDA
RC_PLANRE292;58.38;ADELANTADA
RC_PLANRE293;47.37;ADELANTADA
RC_PLANRE294;36.35;ADELANTADA
RC_PLANRE295;58.38;VENCIDA
RC_PLANRE296;47.37;VENCIDA
RC_PLANRE297;36.35;VENCIDA
RC_PLANRE298;44.83;ADELANTADA
RC_PLANRE299;47.37;VENCIDA
RC_PLANRE30;101.61;VENCIDA
RC_PLANRE30;55.84;VENCIDA
RC_PLANRE300;36.35;ADELANTADA
RC_PLANRE301;36.35;VENCIDA
RC_PLANRE302;27.03;ADELANTADA
RC_PLANRE303;27.03;VENCIDA
RC_PLANRE304;49.07;ADELANTADA
RC_PLANRE305;27.03;ADELANTADA
RC_PLANRE306;41.44;ADELANTADA
RC_PLANRE307;20.25;ADELANTADA
RC_PLANRE308;49.07;VENCIDA
RC_PLANRE309;27.03;VENCIDA
RC_PLANRE31;76.19;VENCIDA
RC_PLANRE31;77.03;VENCIDA
RC_PLANRE31;80.42;VENCIDA
RC_PLANRE31;88.89;VENCIDA
RC_PLANRE310;41.44;VENCIDA
RC_PLANRE311;20.25;VENCIDA
RC_PLANRE312;169.41;ADELANTADA
RC_PLANRE313;101.61;ADELANTADA
RC_PLANRE314;84.66;ADELANTADA
RC_PLANRE315;38.9;ADELANTADA
RC_PLANRE316;25.34;ADELANTADA
RC_PLANRE317;21.95;ADELANTADA
RC_PLANRE318;20.25;ADELANTADA
RC_PLANRE319;110.08;ADELANTADA
RC_PLANRE32;67.71;VENCIDA
RC_PLANRE32;76.18;VENCIDA
RC_PLANRE32;88.89;VENCIDA
RC_PLANRE320;93.14;ADELANTADA
RC_PLANRE321;84.66;ADELANTADA
RC_PLANRE322;67.71;ADELANTADA
RC_PLANRE323;55.85;ADELANTADA
RC_PLANRE324;47.37;ADELANTADA
RC_PLANRE325;38.9;ADELANTADA
RC_PLANRE326;32.11;ADELANTADA
RC_PLANRE327;25.34;ADELANTADA
RC_PLANRE328;20.25;ADELANTADA
RC_PLANRE329;55.85;ADELANTADA
RC_PLANRE33;77.03;VENCIDA
RC_PLANRE330;47.37;ADELANTADA
RC_PLANRE331;44.83;ADELANTADA
RC_PLANRE332;36.36;ADELANTADA
RC_PLANRE333;25.34;ADELANTADA
RC_PLANRE334;20.25;ADELANTADA
RC_PLANRE335;67.71;VENCIDA
RC_PLANRE336;25.34;VENCIDA
RC_PLANRE337;21.95;VENCIDA
RC_PLANRE338;20.25;VENCIDA
RC_PLANRE339;47.37;VENCIDA
RC_PLANRE34;55.84;VENCIDA
RC_PLANRE34;59.24;VENCIDA
RC_PLANRE34;66.01;VENCIDA
RC_PLANRE34;70.25;VENCIDA
RC_PLANRE340;38.9;VENCIDA
RC_PLANRE341;32.11;VENCIDA
RC_PLANRE342;58.38;ADELANTADA
RC_PLANRE343;63.47;ADELANTADA
RC_PLANRE343;70.25;ADELANTADA
RC_PLANRE344;58.38;VENCIDA
RC_PLANRE345;70.25;VENCIDA
RC_PLANRE346;77.03;ADELANTADA
RC_PLANRE347;45.67;ADELANTADA
RC_PLANRE348;77.03;VENCIDA
RC_PLANRE349;48.22;VENCIDA
RC_PLANRE35;53.3;VENCIDA
RC_PLANRE35;59.23;VENCIDA
RC_PLANRE35;59.32;VENCIDA
RC_PLANRE35;61.77;VENCIDA
RC_PLANRE350;66.01;VENCIDA
RC_PLANRE351;66.01;ADELANTADA
RC_PLANRE352;44.83;VENCIDA
RC_PLANRE353;58.38;VENCIDA
RC_PLANRE354;71.1;VENCIDA
RC_PLANRE355;68.55;VENCIDA
RC_PLANRE356;25.33;VENCIDA
RC_PLANRE357;25.33;ADELANTADA
RC_PLANRE358;27.03;VENCIDA
RC_PLANRE359;25.33;ADELANTADA
RC_PLANRE36;49.91;VENCIDA
RC_PLANRE36;50.76;VENCIDA
RC_PLANRE36;59.23;VENCIDA
RC_PLANRE360;28.72;VENCIDA
RC_PLANRE361;27.03;ADELANTADA
RC_PLANRE362;28.72;VENCIDA
RC_PLANRE363;28.72;ADELANTADA
RC_PLANRE364;31.27;VENCIDA
RC_PLANRE365;31.27;ADELANTADA
RC_PLANRE366;31.27;VENCIDA
RC_PLANRE367;31.27;ADELANTADA
RC_PLANRE368;34.66;VENCIDA
RC_PLANRE369;34.66;ADELANTADA
RC_PLANRE37;42.29;VENCIDA
RC_PLANRE37;44.83;VENCIDA
RC_PLANRE37;50.76;VENCIDA
RC_PLANRE37;53.3;VENCIDA
RC_PLANRE370;34.66;VENCIDA
RC_PLANRE371;34.66;ADELANTADA
RC_PLANRE372;36.35;VENCIDA
RC_PLANRE373;36.35;ADELANTADA
RC_PLANRE374;36.35;VENCIDA
RC_PLANRE375;36.35;ADELANTADA
RC_PLANRE376;41.44;VENCIDA
RC_PLANRE377;38.89;ADELANTADA
RC_PLANRE378;41.44;VENCIDA
RC_PLANRE379;41.44;ADELANTADA
RC_PLANRE38;42.29;VENCIDA
RC_PLANRE38;50.76;VENCIDA
RC_PLANRE380;41.44;VENCIDA
RC_PLANRE381;41.44;ADELANTADA
RC_PLANRE382;43.98;VENCIDA
RC_PLANRE383;43.98;ADELANTADA
RC_PLANRE384;44.83;VENCIDA
RC_PLANRE385;44.83;ADELANTADA
RC_PLANRE386;47.37;VENCIDA
RC_PLANRE387;44.83;ADELANTADA
RC_PLANRE388;48.22;VENCIDA
RC_PLANRE389;48.22;ADELANTADA
RC_PLANRE39;38.89;VENCIDA
RC_PLANRE39;41.44;VENCIDA
RC_PLANRE39;43.98;VENCIDA
RC_PLANRE390;48.22;VENCIDA
RC_PLANRE391;48.22;ADELANTADA
RC_PLANRE392;53.3;VENCIDA
RC_PLANRE393;50.76;ADELANTADA
RC_PLANRE394;58.38;VENCIDA
RC_PLANRE395;58.38;ADELANTADA
RC_PLANRE396;64.32;ADELANTADA
RC_PLANRE397;88.89;VENCIDA
RC_PLANRE398;31.27;VENCIDA
RC_PLANRE399;41.44;VENCIDA
RC_PLANRE40;27.88;VENCIDA
RC_PLANRE40;36.35;VENCIDA
RC_PLANRE400;53.3;VENCIDA
RC_PLANRE401;70.25;VENCIDA
RC_PLANRE402;31.27;VENCIDA
RC_PLANRE403;41.44;VENCIDA
RC_PLANRE404;88.89;ADELANTADA
RC_PLANRE405;31.27;ADELANTADA
RC_PLANRE406;41.44;ADELANTADA
RC_PLANRE407;53.3;ADELANTADA
RC_PLANRE408;70.25;ADELANTADA
RC_PLANRE409;31.27;ADELANTADA
RC_PLANRE41;23.64;VENCIDA
RC_PLANRE41;31.27;VENCIDA
RC_PLANRE410;41.44;ADELANTADA
RC_PLANRE411;21.1;ADELANTADA
RC_PLANRE412;27.03;ADELANTADA
RC_PLANRE413;35.5;ADELANTADA
RC_PLANRE414;44.83;ADELANTADA
RC_PLANRE415;45.67;ADELANTADA
RC_PLANRE416;21.1;ADELANTADA
RC_PLANRE417;27.03;ADELANTADA
RC_PLANRE418;35.5;ADELANTADA
RC_PLANRE419;47.37;ADELANTADA
RC_PLANRE42;36.35;VENCIDA
RC_PLANRE420;48.22;ADELANTADA
RC_PLANRE421;56.69;ADELANTADA
RC_PLANRE422;66.01;ADELANTADA
RC_PLANRE423;77.03;ADELANTADA
RC_PLANRE424;21.1;VENCIDA
RC_PLANRE425;27.03;VENCIDA
RC_PLANRE426;35.5;VENCIDA
RC_PLANRE427;47.37;VENCIDA
RC_PLANRE428;48.22;VENCIDA
RC_PLANRE429;21.1;VENCIDA
RC_PLANRE43;36.35;VENCIDA
RC_PLANRE430;27.03;VENCIDA
RC_PLANRE431;35.5;VENCIDA
RC_PLANRE432;47.37;VENCIDA
RC_PLANRE433;48.22;VENCIDA
RC_PLANRE434;56.69;VENCIDA
RC_PLANRE435;66.01;VENCIDA
RC_PLANRE436;77.03;VENCIDA
RC_PLANRE437;101.61;ADELANTADA
RC_PLANRE438;101.61;VENCIDA
RC_PLANRE439;59.23;ADELANTADA
RC_PLANRE44;43.98;VENCIDA
RC_PLANRE440;61.77;VENCIDA
RC_PLANRE441;44.83;VENCIDA
RC_PLANRE442;27.88;ADELANTADA
RC_PLANRE443;50.76;ADELANTADA
RC_PLANRE444;21.1;VENCIDA
RC_PLANRE445;21.1;ADELANTADA
RC_PLANRE446;25.33;VENCIDA
RC_PLANRE447;25.33;ADELANTADA
RC_PLANRE448;28.72;VENCIDA
RC_PLANRE449;28.72;ADELANTADA
RC_PLANRE45;50.76;VENCIDA
RC_PLANRE450;34.66;VENCIDA
RC_PLANRE451;34.66;ADELANTADA
RC_PLANRE452;38.89;VENCIDA
RC_PLANRE453;38.89;ADELANTADA
RC_PLANRE454;43.98;VENCIDA
RC_PLANRE455;43.98;ADELANTADA
RC_PLANRE456;47.37;VENCIDA
RC_PLANRE457;47.37;ADELANTADA
RC_PLANRE458;49.91;VENCIDA
RC_PLANRE459;49.91;ADELANTADA
RC_PLANRE46;50.76;VENCIDA
RC_PLANRE46;53.3;VENCIDA
RC_PLANRE460;21.1;VENCIDA
RC_PLANRE461;21.1;ADELANTADA
RC_PLANRE462;25.33;VENCIDA
RC_PLANRE463;25.33;ADELANTADA
RC_PLANRE464;28.72;VENCIDA
RC_PLANRE465;28.72;ADELANTADA
RC_PLANRE466;34.66;VENCIDA
RC_PLANRE467;34.66;ADELANTADA
RC_PLANRE468;38.89;VENCIDA
RC_PLANRE469;38.89;ADELANTADA
RC_PLANRE47;21.95;VENCIDA
RC_PLANRE47;27.03;VENCIDA
RC_PLANRE470;43.98;VENCIDA
RC_PLANRE471;43.98;ADELANTADA
RC_PLANRE472;47.37;VENCIDA
RC_PLANRE473;47.37;ADELANTADA
RC_PLANRE474;49.91;VENCIDA
RC_PLANRE475;49.91;ADELANTADA
RC_PLANRE476;50.76;VENCIDA
RC_PLANRE477;50.76;ADELANTADA
RC_PLANRE478;55.85;VENCIDA
RC_PLANRE478;58.38;VENCIDA
RC_PLANRE479;55.85;ADELANTADA
RC_PLANRE479;58.38;ADELANTADA
RC_PLANRE48;110.08;VENCIDA
RC_PLANRE480;59.24;VENCIDA
RC_PLANRE481;59.24;ADELANTADA
RC_PLANRE482;63.47;VENCIDA
RC_PLANRE482;66.01;VENCIDA
RC_PLANRE483;63.47;ADELANTADA
RC_PLANRE483;66.01;ADELANTADA
RC_PLANRE484;72.8;VENCIDA
RC_PLANRE485;72.8;ADELANTADA
RC_PLANRE486;84.66;VENCIDA
RC_PLANRE487;84.66;ADELANTADA
RC_PLANRE488;97.37;VENCIDA
RC_PLANRE489;97.37;ADELANTADA
RC_PLANRE49;110.08;VENCIDA
RC_PLANRE490;97.37;VENCIDA
RC_PLANRE491;97.37;ADELANTADA
RC_PLANRE492;84.66;VENCIDA
RC_PLANRE493;84.66;ADELANTADA
RC_PLANRE494;72.8;VENCIDA
RC_PLANRE495;72.8;ADELANTADA
RC_PLANRE496;67.71;VENCIDA
RC_PLANRE497;67.71;ADELANTADA
RC_PLANRE498;63.47;VENCIDA
RC_PLANRE499;63.47;ADELANTADA
RC_PLANRE50;93.13;VENCIDA
RC_PLANRE500;59.24;VENCIDA
RC_PLANRE501;59.24;ADELANTADA
RC_PLANRE502;55.85;VENCIDA
RC_PLANRE503;55.85;ADELANTADA
RC_PLANRE504;50.76;VENCIDA
RC_PLANRE505;50.76;ADELANTADA
RC_PLANRE506;50.76;VENCIDA
RC_PLANRE507;50.76;ADELANTADA
RC_PLANRE508;47.37;VENCIDA
RC_PLANRE509;47.37;ADELANTADA
RC_PLANRE51;84.66;VENCIDA
RC_PLANRE510;47.37;VENCIDA
RC_PLANRE511;47.37;ADELANTADA
RC_PLANRE512;44.83;VENCIDA
RC_PLANRE513;44.83;ADELANTADA
RC_PLANRE514;44.83;VENCIDA
RC_PLANRE515;44.83;ADELANTADA
RC_PLANRE516;41.44;VENCIDA
RC_PLANRE517;41.44;ADELANTADA
RC_PLANRE518;41.44;VENCIDA
RC_PLANRE519;41.44;ADELANTADA
RC_PLANRE52;169.41;ADELANTADA
RC_PLANRE520;33.81;VENCIDA
RC_PLANRE521;33.81;ADELANTADA
RC_PLANRE522;33.81;VENCIDA
RC_PLANRE523;33.81;ADELANTADA
RC_PLANRE524;32.11;VENCIDA
RC_PLANRE525;32.11;ADELANTADA
RC_PLANRE526;30.42;VENCIDA
RC_PLANRE527;30.42;ADELANTADA
RC_PLANRE528;27.03;VENCIDA
RC_PLANRE529;27.03;ADELANTADA
RC_PLANRE53;127.03;ADELANTADA
RC_PLANRE530;27.03;VENCIDA
RC_PLANRE531;27.03;ADELANTADA
RC_PLANRE532;23.64;VENCIDA
RC_PLANRE533;23.64;ADELANTADA
RC_PLANRE534;23.64;VENCIDA
RC_PLANRE535;23.64;ADELANTADA
RC_PLANRE536;17.71;VENCIDA
RC_PLANRE537;17.71;ADELANTADA
RC_PLANRE538;17.71;VENCIDA
RC_PLANRE539;17.71;ADELANTADA
RC_PLANRE54;101.61;ADELANTADA
RC_PLANRE540;29.57;ADELANTADA
RC_PLANRE541;29.57;VENCIDA
RC_PLANRE542;36.35;ADELANTADA
RC_PLANRE543;36.35;VENCIDA
RC_PLANRE544;29.57;ADELANTADA
RC_PLANRE545;29.57;VENCIDA
RC_PLANRE546;36.35;ADELANTADA
RC_PLANRE547;36.35;VENCIDA
RC_PLANRE548;42.29;VENCIDA
RC_PLANRE549;42.29;ADELANTADA
RC_PLANRE55;0.84;ADELANTADA
RC_PLANRE550;42.29;VENCIDA
RC_PLANRE551;42.29;ADELANTADA
RC_PLANRE552;38.9;VENCIDA
RC_PLANRE552;41.44;VENCIDA
RC_PLANRE553;38.9;ADELANTADA
RC_PLANRE553;41.44;ADELANTADA
RC_PLANRE554;38.9;VENCIDA
RC_PLANRE555;38.9;ADELANTADA
RC_PLANRE556;33.81;VENCIDA
RC_PLANRE557;33.81;ADELANTADA
RC_PLANRE558;33.81;VENCIDA
RC_PLANRE559;33.81;ADELANTADA
RC_PLANRE56;0.84;ADELANTADA
RC_PLANRE560;30.42;VENCIDA
RC_PLANRE561;30.42;ADELANTADA
RC_PLANRE562;30.42;VENCIDA
RC_PLANRE563;30.42;ADELANTADA
RC_PLANRE564;25.34;VENCIDA
RC_PLANRE565;25.34;ADELANTADA
RC_PLANRE566;25.34;VENCIDA
RC_PLANRE567;25.34;ADELANTADA
RC_PLANRE568;21.95;VENCIDA
RC_PLANRE569;21.95;ADELANTADA
RC_PLANRE57;207.6;VENCIDA
RC_PLANRE570;21.95;VENCIDA
RC_PLANRE571;21.95;ADELANTADA
RC_PLANRE572;17.71;VENCIDA
RC_PLANRE573;17.71;ADELANTADA
RC_PLANRE574;17.71;VENCIDA
RC_PLANRE575;17.71;ADELANTADA
RC_PLANRE576;33.81;ADELANTADA
RC_PLANRE577;33.81;VENCIDA
RC_PLANRE578;29.57;ADELANTADA
RC_PLANRE579;29.57;VENCIDA
RC_PLANRE58;173.7;VENCIDA
RC_PLANRE580;29.57;ADELANTADA
RC_PLANRE581;29.57;VENCIDA
RC_PLANRE582;38.05;ADELANTADA
RC_PLANRE583;38.05;VENCIDA
RC_PLANRE584;38.05;ADELANTADA
RC_PLANRE585;38.05;VENCIDA
RC_PLANRE586;46.52;ADELANTADA
RC_PLANRE587;46.52;VENCIDA
RC_PLANRE588;46.52;ADELANTADA
RC_PLANRE589;46.52;VENCIDA
RC_PLANRE59;152.5;VENCIDA
RC_PLANRE590;33.81;ADELANTADA
RC_PLANRE591;33.81;VENCIDA
RC_PLANRE592;42.28;ADELANTADA
RC_PLANRE592;44.83;ADELANTADA
RC_PLANRE593;42.28;VENCIDA
RC_PLANRE593;44.83;VENCIDA
RC_PLANRE594;33.81;ADELANTADA
RC_PLANRE594;36.35;ADELANTADA
RC_PLANRE595;33.81;VENCIDA
RC_PLANRE595;36.35;VENCIDA
RC_PLANRE596;33.89;VENCIDA
RC_PLANRE597;33.89;ADELANTADA
RC_PLANRE598;50.76;VENCIDA
RC_PLANRE599;50.76;ADELANTADA
RC_PLANRE60;118.6;VENCIDA
RC_PLANRE600;59.23;VENCIDA
RC_PLANRE601;59.23;ADELANTADA
RC_PLANRE602;50.76;ADELANTADA
RC_PLANRE603;50.76;VENCIDA
RC_PLANRE604;50.76;ADELANTADA
RC_PLANRE605;50.76;VENCIDA
RC_PLANRE606;50.76;ADELANTADA
RC_PLANRE607;50.76;VENCIDA
RC_PLANRE608;42.28;ADELANTADA
RC_PLANRE609;42.28;VENCIDA
RC_PLANRE61;92.4;VENCIDA
RC_PLANRE610;42.28;ADELANTADA
RC_PLANRE611;42.28;VENCIDA
RC_PLANRE612;84.66;VENCIDA
RC_PLANRE613;30.42;VENCIDA
RC_PLANRE614;30.42;ADELANTADA
RC_PLANRE615;30.42;VENCIDA
RC_PLANRE616;30.42;ADELANTADA
RC_PLANRE617;25.33;VENCIDA
RC_PLANRE618;25.33;ADELANTADA
RC_PLANRE619;25.33;VENCIDA
RC_PLANRE62;84.7;VENCIDA
RC_PLANRE620;25.33;ADELANTADA
RC_PLANRE621;21.94;VENCIDA
RC_PLANRE622;21.94;ADELANTADA
RC_PLANRE623;21.94;VENCIDA
RC_PLANRE624;21.94;ADELANTADA
RC_PLANRE625;101.61;VENCIDA
RC_PLANRE626;101.61;ADELANTADA
RC_PLANRE627;17.71;VENCIDA
RC_PLANRE628;17.71;ADELANTADA
RC_PLANRE629;29.57;VENCIDA
RC_PLANRE63;67.8;VENCIDA
RC_PLANRE630;29.57;ADELANTADA
RC_PLANRE631;254.15;VENCIDA
RC_PLANRE632;254.15;ADELANTADA
RC_PLANRE633;169.4;VENCIDA
RC_PLANRE634;169.4;ADELANTADA
RC_PLANRE635;97.37;VENCIDA
RC_PLANRE636;97.37;ADELANTADA
RC_PLANRE637;84.66;VENCIDA
RC_PLANRE638;84.66;ADELANTADA
RC_PLANRE639;72.79;VENCIDA
RC_PLANRE64;55.1;VENCIDA
RC_PLANRE640;72.79;ADELANTADA
RC_PLANRE641;67.71;VENCIDA
RC_PLANRE642;67.71;ADELANTADA
RC_PLANRE643;63.47;VENCIDA
RC_PLANRE644;63.47;ADELANTADA
RC_PLANRE645;59.23;VENCIDA
RC_PLANRE646;59.23;ADELANTADA
RC_PLANRE647;55.84;VENCIDA
RC_PLANRE648;55.84;ADELANTADA
RC_PLANRE649;50.76;VENCIDA
RC_PLANRE65;75.42;ADELANTADA
RC_PLANRE650;50.76;ADELANTADA
RC_PLANRE651;47.37;VENCIDA
RC_PLANRE652;47.37;ADELANTADA
RC_PLANRE653;47.37;VENCIDA
RC_PLANRE654;47.37;ADELANTADA
RC_PLANRE655;47.37;VENCIDA
RC_PLANRE656;47.37;VENCIDA
RC_PLANRE657;42.28;VENCIDA
RC_PLANRE658;42.28;ADELANTADA
RC_PLANRE659;42.28;VENCIDA
RC_PLANRE66;117.8;ADELANTADA
RC_PLANRE660;42.28;ADELANTADA
RC_PLANRE661;42.28;VENCIDA
RC_PLANRE662;42.28;VENCIDA
RC_PLANRE663;38.89;VENCIDA
RC_PLANRE664;38.89;ADELANTADA
RC_PLANRE665;38.89;VENCIDA
RC_PLANRE666;33.81;VENCIDA
RC_PLANRE667;33.81;ADELANTADA
RC_PLANRE668;33.81;VENCIDA
RC_PLANRE669;25.33;VENCIDA
RC_PLANRE67;67.71;VENCIDA
RC_PLANRE670;25.33;ADELANTADA
RC_PLANRE671;17.71;VENCIDA
RC_PLANRE672;17.71;ADELANTADA
RC_PLANRE673;17.71;VENCIDA
RC_PLANRE674;33.81;VENCIDA
RC_PLANRE675;33.81;ADELANTADA
RC_PLANRE676;33.81;VENCIDA
RC_PLANRE677;33.81;ADELANTADA
RC_PLANRE678;33.81;VENCIDA
RC_PLANRE679;33.81;ADELANTADA
RC_PLANRE68;84.58;VENCIDA
RC_PLANRE680;33.81;VENCIDA
RC_PLANRE681;33.81;ADELANTADA
RC_PLANRE682;19.4;ADELANTADA
RC_PLANRE683;19.4;VENCIDA
RC_PLANRE684;19.4;ADELANTADA
RC_PLANRE685;19.4;VENCIDA
RC_PLANRE686;27.03;ADELANTADA
RC_PLANRE687;27.03;VENCIDA
RC_PLANRE688;27.03;ADELANTADA
RC_PLANRE689;27.03;VENCIDA
RC_PLANRE69;101.52;VENCIDA
RC_PLANRE690;29.57;ADELANTADA
RC_PLANRE691;29.57;VENCIDA
RC_PLANRE692;29.57;ADELANTADA
RC_PLANRE693;29.57;VENCIDA
RC_PLANRE694;32.11;ADELANTADA
RC_PLANRE695;32.11;VENCIDA
RC_PLANRE696;32.11;ADELANTADA
RC_PLANRE697;32.11;VENCIDA
RC_PLANRE698;41.44;ADELANTADA
RC_PLANRE699;41.44;VENCIDA
RC_PLANRE70;118.47;VENCIDA
RC_PLANRE700;41.44;ADELANTADA
RC_PLANRE701;41.44;VENCIDA
RC_PLANRE702;97.37;VENCIDA
RC_PLANRE703;97.37;ADELANTADA
RC_PLANRE704;84.66;VENCIDA
RC_PLANRE705;84.66;ADELANTADA
RC_PLANRE706;72.79;VENCIDA
RC_PLANRE707;72.79;ADELANTADA
RC_PLANRE708;67.71;VENCIDA
RC_PLANRE709;67.71;ADELANTADA
RC_PLANRE71;169.4;VENCIDA
RC_PLANRE710;63.47;VENCIDA
RC_PLANRE711;63.47;ADELANTADA
RC_PLANRE712;59.23;VENCIDA
RC_PLANRE713;59.23;ADELANTADA
RC_PLANRE714;55.84;VENCIDA
RC_PLANRE715;55.84;ADELANTADA
RC_PLANRE716;50.76;VENCIDA
RC_PLANRE717;50.76;ADELANTADA
RC_PLANRE718;47.37;ADELANTADA
RC_PLANRE719;42.28;ADELANTADA
RC_PLANRE72;186.27;VENCIDA
RC_PLANRE720;38.89;ADELANTADA
RC_PLANRE721;33.81;ADELANTADA
RC_PLANRE722;17.71;ADELANTADA
RC_PLANRE73;220.17;VENCIDA
RC_PLANRE74;254.07;VENCIDA
RC_PLANRE75;42.29;ADELANTADA
RC_PLANRE76;53.3;VENCIDA
RC_PLANRE77;127.03;VENCIDA
RC_PLANRE78;118.56;VENCIDA
RC_PLANRE79;110.08;VENCIDA
RC_PLANRE80;76.19;VENCIDA
RC_PLANRE81;59.24;VENCIDA
RC_PLANRE82;50.76;VENCIDA
RC_PLANRE83;42.49;VENCIDA
RC_PLANRE84;122.08;VENCIDA
RC_PLANRE85;105.13;VENCIDA
RC_PLANRE86;96.65;VENCIDA
RC_PLANRE87;66.99;VENCIDA
RC_PLANRE88;63.47;ADELANTADA
RC_PLANRE89;67.71;ADELANTADA
RC_PLANRE90;72.79;ADELANTADA
RC_PLANRE91;84.66;ADELANTADA
RC_PLANRE92;101.61;ADELANTADA
RC_PLANRE93;127.03;ADELANTADA
RC_PLANRE94;169.4;ADELANTADA
RC_PLANRE95;50.85;VENCIDA
RC_PLANRE96;42.28;ADELANTADA
RC_PLANRE97;47.37;ADELANTADA
RC_PLANRE98;93.14;VENCIDA
RC_PLANRE99;50.76;ADELANTADA
RC_SERVCO01;6.69;
RC_SERVCO02;13.6;
RC_SERVCO03;18.56;
RC_SERVCO04;38.05;
RC_SERVCO05;47.37;
RC_SERVCO06;27.03;
RC_SERVCO07;40.8;
RC_SERVCO08;67.71;
RC_SERVCO09;119;
RC_SERVCO10;34;
RC_SERVCO11;97.46;
RC_SERVCO12;48.64;
RC_SERVCO13;0;
RC_SERVCO14;0;
RC_SERVCO15;0;
RC_SERVCO15;41.53;
RC_SERVCO16;16.1;
RC_SERVCO17;0;
RC_SERVCO18;10.08;
RC_SERVCO19;14.41;
RC_SERVCO20;46.61;
RC_SERVCO21;72.03;
RC_SERVCO22;109.32;
RC_SERVCO23;9.24;
RC_SERVCO24;0;
RC_SERVCO25;0;
RC_SERVCO26;4.62;
RC_SERVCO27;9.75;
RC_SERVCO28;25.85;
RC_SERVCO29;22.8;
RC_SERVCO30;177.88;
RC_SERVCO31;32.97;
RC_SERVCO32;16.86;
RC_SERVCO33;17.71;
RC_SERVCO34;16.86;
RC_SERVCO35;8.05;
RC_SERVCO36;26.69;
RC_SERVCO37;19.92;
RC_SERVCO38;7.2;
RC_SERVCO39;5.51;
RC_SERVCO40;20.25;
RC_SERVCO41;18.56;
RC_SERVCO42;84.66;
RC_SERVCO43;105.51;
RC_SERVCO44;35.17;
RC_SERVCO45;46.19;
RC_SERVCO46;79.24;
RC_SERVCO47;99.92;
RC_SERVCO48;20;
RC_SERVCO49;67.8;
RC_SERVRE01;10.17;
RC_SERVRE02;21.19;
RC_SERVRE03;31.36;
RC_SERVRE04;43.22;
RC_SERVRE05;8.47;
RC_SERVRE06;18.64;
RC_SERVRE07;27.97;
RC_SERVRE08;38.98;
RC_SERVRE09;0.8;
RC_SERVRE10;1.3;
RC_SERVRE11;1.6;
RC_SERVRE12;2.54;
RC_SERVRE13;4.24;
RC_SERVRE14;6.78;
RC_SERVRE15;12.71;
RC_SIM_Recibo;0.85;
RC1_ASISTBASICO;2.74;
RC1_ASISTINTEGR;4.11;
RC1_ASISTINTTIT;3.59;
RC1_ASISTNEGO;8.22;
RC1_ASISTPREM;6.41;
RC1_CASROA1;0;
RC1_DT_LL_CICLI;5.06;
RC1_ESCUDOMOV;5.93;
RC1_EVERNOTE;0;
RC1_FACTDETALLE;1.15;
RC1_MEMBSMARTBU;42.37;
RC1_MEMBSMARTRV;42.37;
RC1_MEMBSMOVONE;135.59;
RC1_MULTIASISTE;9.32;
RC1_NAPSTER;0;
RC1_NIJIMEN;2.54;
RC1_NIJIMENB;2.54;
RC1_PAQ1;8.47;
RC1_PAQ10;12;
RC1_PAQ100;8.47;
RC1_PAQ101;3.39;
RC1_PAQ102;6.78;
RC1_PAQ103;6;
RC1_PAQ104;15;
RC1_PAQ105;3.39;
RC1_PAQ106;6.78;
RC1_PAQ107;7.63;
RC1_PAQ108;12.71;
RC1_PAQ109;16.95;
RC1_PAQ11;18;
RC1_PAQ110;12.71;
RC1_PAQ112;10.17;
RC1_PAQ113;16.95;
RC1_PAQ114;8.47;
RC1_PAQ115;13.56;
RC1_PAQ116;15.25;
RC1_PAQ117;16.95;
RC1_PAQ118;10.17;
RC1_PAQ12;24;
RC1_PAQ120;10.17;
RC1_PAQ121;8.47;
RC1_PAQ122;16.95;
RC1_PAQ123;10.17;
RC1_PAQ124;12.71;
RC1_PAQ125;12.71;
RC1_PAQ126;5.09;
RC1_PAQ127;42.28;
RC1_PAQ128;84.56;
RC1_PAQ129;38.13;
RC1_PAQ13;30;
RC1_PAQ130;12.71;
RC1_PAQ131;12.71;
RC1_PAQ132;12.71;
RC1_PAQ133;84.56;
RC1_PAQ134;3.39;
RC1_PAQ135;6.78;
RC1_PAQ136;4.24;
RC1_PAQ137;8.47;
RC1_PAQ138;2.12;
RC1_PAQ139;10.59;
RC1_PAQ14;36;
RC1_PAQ140;8.39;
RC1_PAQ141;20.97;
RC1_PAQ142;30.51;
RC1_PAQ143;25.42;
RC1_PAQ144;20.34;
RC1_PAQ145;15.25;
RC1_PAQ146;2.11;
RC1_PAQ147;4.24;
RC1_PAQ148;12.71;
RC1_PAQ149;18.64;
RC1_PAQ15;30.51;
RC1_PAQ150;42.37;
RC1_PAQ151;66.95;
RC1_PAQ152;117.8;
RC1_PAQ153;210.17;
RC1_PAQ154;22.88;
RC1_PAQ155;38.13;
RC1_PAQ156;63.56;
RC1_PAQ157;25.42;
RC1_PAQ158;50.85;
RC1_PAQ159;8.47;
RC1_PAQ16;13.56;
RC1_PAQ160;67.8;
RC1_PAQ161;16.95;
RC1_PAQ162;88.98;
RC1_PAQ163;84.74;
RC1_PAQ164;16.95;
RC1_PAQ165;8.47;
RC1_PAQ166;25.42;
RC1_PAQ167;46.61;
RC1_PAQ168;67.8;
RC1_PAQ169;88.98;
RC1_PAQ17;16.1;
RC1_PAQ170;110.17;
RC1_PAQ171;12.71;
RC1_PAQ18;21.19;
RC1_PAQ182;0;
RC1_PAQ182;40;
RC1_PAQ184;5;
RC1_PAQ185;0;
RC1_PAQ186;0;
RC1_PAQ187;8.22;
RC1_PAQ188;12.33;
RC1_PAQ189;20.56;
RC1_PAQ19;25.42;
RC1_PAQ191;8.22;
RC1_PAQ192;13.7;
RC1_PAQ193;19.19;
RC1_PAQ194;32.89;
RC1_PAQ195;13.7;
RC1_PAQ196;7.34;
RC1_PAQ197;10.96;
RC1_PAQ198;18.42;
RC1_PAQ199;19.19;
RC1_PAQ2;12.71;
RC1_PAQ20;10.17;
RC1_PAQ200;11.37;
RC1_PAQ201;3.45;
RC1_PAQ202;8.3;
RC1_PAQ203;11.51;
RC1_PAQ204;18.42;
RC1_PAQ205;24.18;
RC1_PAQ206;29.93;
RC1_PAQ208;50.69;
RC1_PAQ209;71.88;
RC1_PAQ21;7;
RC1_PAQ211;94.44;
RC1_PAQ212;57.57;
RC1_PAQ213;80.62;
RC1_PAQ214;9.59;
RC1_PAQ215;13.81;
RC1_PAQ216;19.19;
RC1_PAQ217;26.04;
RC1_PAQ218;13.7;
RC1_PAQ219;87.53;
RC1_PAQ22;10;
RC1_PAQ220;69.11;
RC1_PAQ221;41.47;
RC1_PAQ222;61.05;
RC1_PAQ223;19.19;
RC1_PAQ224;2.54;
RC1_PAQ228;25.42;
RC1_PAQ229;29.66;
RC1_PAQ23;10.17;
RC1_PAQ230;33.9;
RC1_PAQ231;38.14;
RC1_PAQ232;42.37;
RC1_PAQ234;50.85;
RC1_PAQ235;59.32;
RC1_PAQ236;67.8;
RC1_PAQ237;76.27;
RC1_PAQ238;84.75;
RC1_PAQ239;93.22;
RC1_PAQ24;12.71;
RC1_PAQ242;38.14;
RC1_PAQ243;42.37;
RC1_PAQ244;46.61;
RC1_PAQ245;50.85;
RC1_PAQ246;59.32;
RC1_PAQ247;67.8;
RC1_PAQ248;76.27;
RC1_PAQ249;84.75;
RC1_PAQ25;9.9;
RC1_PAQ250;93.22;
RC1_PAQ251;101.69;
RC1_PAQ255;8.22;
RC1_PAQ256;34.75;
RC1_PAQ26;24.75;
RC1_PAQ27;12.71;
RC1_PAQ28;10.75;
RC1_PAQ281;2.3;
RC1_PAQ282;3;
RC1_PAQ283;3.5;
RC1_PAQ29;12.71;
RC1_PAQ293;66.71;
RC1_PAQ294;8.8;
RC1_PAQ295;21.19;
RC1_PAQ296;25.42;
RC1_PAQ297;33.9;
RC1_PAQ298;38.14;
RC1_PAQ299;42.37;
RC1_PAQ3;10.17;
RC1_PAQ30;10.49;
RC1_PAQ300;46.61;
RC1_PAQ301;50.85;
RC1_PAQ302;55.08;
RC1_PAQ303;72.04;
RC1_PAQ304;76.28;
RC1_PAQ306;84.76;
RC1_PAQ307;93.22;
RC1_PAQ308;97.46;
RC1_PAQ309;101.7;
RC1_PAQ31;14.68;
RC1_PAQ310;105.94;
RC1_PAQ312;131.36;
RC1_PAQ313;135.6;
RC1_PAQ314;139.84;
RC1_PAQ315;144.08;
RC1_PAQ32;31.46;
RC1_PAQ328;93.22;
RC1_PAQ33;41.95;
RC1_PAQ330;101.7;
RC1_PAQ334;139.84;
RC1_PAQ335;144.08;
RC1_PAQ336;88.98;
RC1_PAQ339;50.85;
RC1_PAQ34;20.97;
RC1_PAQ341;25.42;
RC1_PAQ342;38.14;
RC1_PAQ343;67.8;
RC1_PAQ344;88.98;
RC1_PAQ345;127.12;
RC1_PAQ346;22;
RC1_PAQ347;33;
RC1_PAQ348;50;
RC1_PAQ349;77;
RC1_PAQ35;12.71;
RC1_PAQ350;111;
RC1_PAQ351;55.08;
RC1_PAQ352;3.38;
RC1_PAQ353;25.41;
RC1_PAQ354;10;
RC1_PAQ355;3.78;
RC1_PAQ356;6.5;
RC1_PAQ357;9;
RC1_PAQ358;12;
RC1_PAQ359;16;
RC1_PAQ36;8.47;
RC1_PAQ360;20;
RC1_PAQ361;23;
RC1_PAQ362;26;
RC1_PAQ363;30;
RC1_PAQ364;35;
RC1_PAQ366;12.71;
RC1_PAQ367;21.19;
RC1_PAQ368;25.42;
RC1_PAQ369;38.14;
RC1_PAQ37;10.17;
RC1_PAQ370;67.8;
RC1_PAQ371;105.94;
RC1_PAQ372;127.12;
RC1_PAQ373;63.56;
RC1_PAQ374;59.32;
RC1_PAQ375;55.07;
RC1_PAQ376;50.85;
RC1_PAQ377;46.61;
RC1_PAQ378;12.71;
RC1_PAQ379;16.94;
RC1_PAQ38;9;
RC1_PAQ380;25.42;
RC1_PAQ381;38.13;
RC1_PAQ382;55.08;
RC1_PAQ383;37.95;
RC1_PAQ384;29.52;
RC1_PAQ385;42.37;
RC1_PAQ386;88.98;
RC1_PAQ387;80.51;
RC1_PAQ388;72.03;
RC1_PAQ389;63.56;
RC1_PAQ39;15;
RC1_PAQ390;67.8;
RC1_PAQ391;88.98;
RC1_PAQ392;63.56;
RC1_PAQ393;63.56;
RC1_PAQ394;42.37;
RC1_PAQ395;16.95;
RC1_PAQ396;21.19;
RC1_PAQ397;29.66;
RC1_PAQ398;38.14;
RC1_PAQ399;50.85;
RC1_PAQ4;12.71;
RC1_PAQ40;25;
RC1_PAQ400;76.27;
RC1_PAQ401;84.75;
RC1_PAQ402;127.12;
RC1_PAQ404;25.42;
RC1_PAQ405;50.9;
RC1_PAQ406;42.37;
RC1_PAQ407;82.46;
RC1_PAQ408;41.23;
RC1_PAQ409;169.49;
RC1_PAQ41;35;
RC1_PAQ410;50.85;
RC1_PAQ411;67.8;
RC1_PAQ412;25.42;
RC1_PAQ413;25.42;
RC1_PAQ414;4;
RC1_PAQ415;4.5;
RC1_PAQ416;5;
RC1_PAQ417;6;
RC1_PAQ418;7;
RC1_PAQ419;11;
RC1_PAQ42;10;
RC1_PAQ420;4.23;
RC1_PAQ421;8.47;
RC1_PAQ422;10.16;
RC1_PAQ423;12.71;
RC1_PAQ424;22.88;
RC1_PAQ425;46.61;
RC1_PAQ426;88.98;
RC1_PAQ427;110.16;
RC1_PAQ428;97.45;
RC1_PAQ429;84.74;
RC1_PAQ43;10;
RC1_PAQ430;59.32;
RC1_PAQ431;127.11;
RC1_PAQ432;152.54;
RC1_PAQ433;169.49;
RC1_PAQ434;63.56;
RC1_PAQ435;63.56;
RC1_PAQ436;59.32;
RC1_PAQ437;59.32;
RC1_PAQ438;55.08;
RC1_PAQ439;55.08;
RC1_PAQ44;16.95;
RC1_PAQ440;105.93;
RC1_PAQ441;105.93;
RC1_PAQ442;101.69;
RC1_PAQ443;101.69;
RC1_PAQ444;50.85;
RC1_PAQ445;50.85;
RC1_PAQ446;93.22;
RC1_PAQ447;93.22;
RC1_PAQ448;84.74;
RC1_PAQ449;84.74;
RC1_PAQ45;29.66;
RC1_PAQ450;72.03;
RC1_PAQ451;72.03;
RC1_PAQ452;59.9;
RC1_PAQ453;55.29;
RC1_PAQ454;41.47;
RC1_PAQ455;35.59;
RC1_PAQ459;80.62;
RC1_PAQ46;10.17;
RC1_PAQ460;47.46;
RC1_PAQ461;59.32;
RC1_PAQ462;35.59;
RC1_PAQ463;8.47;
RC1_PAQ464;12.71;
RC1_PAQ465;16.95;
RC1_PAQ466;18.64;
RC1_PAQ467;12.71;
RC1_PAQ468;84.74;
RC1_PAQ469;84.74;
RC1_PAQ47;29.66;
RC1_PAQ470;11.7;
RC1_PAQ471;116.53;
RC1_PAQ472;50.85;
RC1_PAQ473;76.27;
RC1_PAQ474;97.46;
RC1_PAQ475;2.54;
RC1_PAQ476;116.53;
RC1_PAQ477;139.83;
RC1_PAQ478;4.24;
RC1_PAQ479;8.47;
RC1_PAQ48;2.5;
RC1_PAQ480;10.17;
RC1_PAQ481;15.25;
RC1_PAQ482;16.95;
RC1_PAQ483;29.66;
RC1_PAQ484;13.56;
RC1_PAQ485;8.47;
RC1_PAQ486;8.47;
RC1_PAQ487;16.95;
RC1_PAQ488;25.42;
RC1_PAQ489;84.75;
RC1_PAQ49;5;
RC1_PAQ490;8.47;
RC1_PAQ491;8.47;
RC1_PAQ492;12.71;
RC1_PAQ493;93.2;
RC1_PAQ494;38.13;
RC1_PAQ495;50.84;
RC1_PAQ496;83.89;
RC1_PAQ497;168.64;
RC1_PAQ498;33.05;
RC1_PAQ499;41.52;
RC1_PAQ5;16.95;
RC1_PAQ50;10;
RC1_PAQ500;58.47;
RC1_PAQ501;117.79;
RC1_PAQ502;8.47;
RC1_PAQ503;67.8;
RC1_PAQ504;8.47;
RC1_PAQ505;10.17;
RC1_PAQ506;1.69;
RC1_PAQ507;4.24;
RC1_PAQ508;5.93;
RC1_PAQ509;5.93;
RC1_PAQ51;12.5;
RC1_PAQ52;21.19;
RC1_PAQ53;59.32;
RC1_PAQ533;25.17;
RC1_PAQ534;16.52;
RC1_PAQ535;9.53;
RC1_PAQ536;64.1;
RC1_PAQ537;85.47;
RC1_PAQ538;51.28;
RC1_PAQ539;64.1;
RC1_PAQ54;88.98;
RC1_PAQ540;6.41;
RC1_PAQ541;119.66;
RC1_PAQ541C;119.66;
RC1_PAQ542;153.85;
RC1_PAQ542C;153.85;
RC1_PAQ543;25.64;
RC1_PAQ544;16.03;
RC1_PAQ545;67.52;
RC1_PAQ545C;67.52;
RC1_PAQ546;32.05;
RC1_PAQ547;85.47;
RC1_PAQ547C;85.47;
RC1_PAQ548;25.65;
RC1_PAQ549;119.66;
RC1_PAQ55;118.64;
RC1_PAQ550;153.85;
RC1_PAQ551;16.03;
RC1_PAQ552;32.05;
RC1_PAQ553;2.54;
RC1_PAQ554;6.36;
RC1_PAQ555;12.71;
RC1_PAQ556;19.07;
RC1_PAQ557;25.42;
RC1_PAQ558;38.13;
RC1_PAQ559;50.84;
RC1_PAQ56;12.71;
RC1_PAQ560;63.55;
RC1_PAQ561;101.68;
RC1_PAQ562;127.1;
RC1_PAQ563;152.52;
RC1_PAQ564;63.55;
RC1_PAQ565;153.85;
RC1_PAQ566;216.07;
RC1_PAQ567;228.78;
RC1_PAQ568;241.49;
RC1_PAQ569;254.2;
RC1_PAQ57;12.71;
RC1_PAQ570;2.5;
RC1_PAQ571;1.5;
RC1_PAQ572;8;
RC1_PAQ573;5;
RC1_PAQ574;19.8;
RC1_PAQ575;49.5;
RC1_PAQ576;19.07;
RC1_PAQ577;38.13;
RC1_PAQ578;72.6;
RC1_PAQ579;8.25;
RC1_PAQ58;16.94;
RC1_PAQ580;110.08;
RC1_PAQ581;101.61;
RC1_PAQ582;93.14;
RC1_PAQ583;84.66;
RC1_PAQ584;67.71;
RC1_PAQ585;59.24;
RC1_PAQ586;50.76;
RC1_PAQ587;42.29;
RC1_PAQ588;38.9;
RC1_PAQ589;33.81;
RC1_PAQ59;30.42;
RC1_PAQ590;118.56;
RC1_PAQ591;76.19;
RC1_PAQ592;30.42;
RC1_PAQ593;25.34;
RC1_PAQ594;169.41;
RC1_PAQ595;143.98;
RC1_PAQ596;127.03;
RC1_PAQ6;25.42;
RC1_PAQ60;38.9;
RC1_PAQ61;38.9;
RC1_PAQ62;21.14;
RC1_PAQ63;38.9;
RC1_PAQ64;84.56;
RC1_PAQ65;211.4;
RC1_PAQ66;42.28;
RC1_PAQ67;13.56;
RC1_PAQ68;25.42;
RC1_PAQ69;33.9;
RC1_PAQ7;12.71;
RC1_PAQ70;63.56;
RC1_PAQ71;93.22;
RC1_PAQ72;122.88;
RC1_PAQ73;30.42;
RC1_PAQ74;38.68;
RC1_PAQ75;12.88;
RC1_PAQ76;41.18;
RC1_PAQ77;29.41;
RC1_PAQ78;24.58;
RC1_PAQ79;33.05;
RC1_PAQ8;16.95;
RC1_PAQ80;8.47;
RC1_PAQ81;46.61;
RC1_PAQ82;38.14;
RC1_PAQ83;16.95;
RC1_PAQ84;29.66;
RC1_PAQ85;67.8;
RC1_PAQ86;10.17;
RC1_PAQ87;10.17;
RC1_PAQ88;20;
RC1_PAQ89;21;
RC1_PAQ9;25.42;
RC1_PAQ90;30;
RC1_PAQ91;30.42;
RC1_PAQ92;43.22;
RC1_PAQ93;8.47;
RC1_PAQ94;8.47;
RC1_PAQ95;4;
RC1_PAQ96;8;
RC1_PAQ97;8.47;
RC1_PAQ99;10.17;
RC1_PLANLA1;84.66;ADELANTADA
RC1_PLANLA2;93.13;ADELANTADA
RC1_PLANLA3;110.08;ADELANTADA
RC1_PLANLA4;84.66;ADELANTADA
RC1_PLANLA5;93.14;ADELANTADA
RC1_PLANLA6;110.08;ADELANTADA
RC1_PLANLA7;25.33;ADELANTADA
RC1_PLANLA8;21.95;ADELANTADA
RC1_PLB100;17.8;ADELANTADA
RC1_PLB101;18.64;ADELANTADA
RC1_PLB102;18.64;ADELANTADA
RC1_PLB103;18.64;VENCIDA
RC1_PLB104;42.37;ADELANTADA
RC1_PLB105;18.64;ADELANTADA
RC1_PLB106;19.49;ADELANTADA
RC1_PLB107;19.49;ADELANTADA
RC1_PLB108;19.49;ADELANTADA
RC1_PLB109;19.49;ADELANTADA
RC1_PLB110;20.34;ADELANTADA
RC1_PLB111;20.34;ADELANTADA
RC1_PLB112;20.34;ADELANTADA
RC1_PLB113;21.19;ADELANTADA
RC1_PLB114;21.19;ADELANTADA
RC1_PLB115;22.03;ADELANTADA
RC1_PLB116;22.03;ADELANTADA
RC1_PLB117;22.03;ADELANTADA
RC1_PLB118;22.88;ADELANTADA
RC1_PLB119;22.88;ADELANTADA
RC1_PLB120;23.73;ADELANTADA
RC1_PLB121;23.73;ADELANTADA
RC1_PLB122;23.73;ADELANTADA
RC1_PLB123;24.58;ADELANTADA
RC1_PLB124;24.58;ADELANTADA
RC1_PLB125;24.58;ADELANTADA
RC1_PLB127;25.42;ADELANTADA
RC1_PLB129;25.42;ADELANTADA
RC1_PLB130;26.27;ADELANTADA
RC1_PLB131;26.27;ADELANTADA
RC1_PLB132;26.27;ADELANTADA
RC1_PLB135;27.12;ADELANTADA
RC1_PLB136;27.97;ADELANTADA
RC1_PLB140;28.81;ADELANTADA
RC1_PLB142;29.66;ADELANTADA
RC1_PLB143;29.66;ADELANTADA
RC1_PLB146;30.51;ADELANTADA
RC1_PLB147;31.36;ADELANTADA
RC1_PLB149;31.36;ADELANTADA
RC1_PLB150;32.2;ADELANTADA
RC1_PLB151;32.2;ADELANTADA
RC1_PLB152;32.2;ADELANTADA
RC1_PLB153;33.05;ADELANTADA
RC1_PLB155;33.9;ADELANTADA
RC1_PLB156;33.9;ADELANTADA
RC1_PLB158;34.75;ADELANTADA
RC1_PLB159;35.59;ADELANTADA
RC1_PLB160;35.59;ADELANTADA
RC1_PLB161;35.59;ADELANTADA
RC1_PLB162;36.44;ADELANTADA
RC1_PLB163;36.44;ADELANTADA
RC1_PLB164;37.29;ADELANTADA
RC1_PLB165;37.29;ADELANTADA
RC1_PLB166;38.14;ADELANTADA
RC1_PLB167;38.14;ADELANTADA
RC1_PLB168;38.98;ADELANTADA
RC1_PLB169;38.98;ADELANTADA
RC1_PLB170;38.98;ADELANTADA
RC1_PLB171;39.83;ADELANTADA
RC1_PLB172;39.83;ADELANTADA
RC1_PLB173;40.68;ADELANTADA
RC1_PLB175;40.68;ADELANTADA
RC1_PLB178;42.37;ADELANTADA
RC1_PLB180;18.64;VENCIDA
RC1_PLB182;44.92;ADELANTADA
RC1_PLB183;45.76;ADELANTADA
RC1_PLB184;46.61;ADELANTADA
RC1_PLB185;47.46;ADELANTADA
RC1_PLB186;47.46;ADELANTADA
RC1_PLB187;48.31;ADELANTADA
RC1_PLB188;49.15;ADELANTADA
RC1_PLB189;65.15;ADELANTADA
RC1_PLB190;23;ADELANTADA
RC1_PLB191;38.38;ADELANTADA
RC1_PLB192;0.85;ADELANTADA
RC1_PLB193;1.69;ADELANTADA
RC1_PLB194;52.19;ADELANTADA
RC1_PLB195;34.95;ADELANTADA
RC1_PLB196;28.8;ADELANTADA
RC1_PLB197;36.56;ADELANTADA
RC1_PLB199;7.63;ADELANTADA
RC1_PLB200;8.47;ADELANTADA
RC1_PLB201;9.32;ADELANTADA
RC1_PLB202;10.17;ADELANTADA
RC1_PLB203;11.86;ADELANTADA
RC1_PLB204;12.71;ADELANTADA
RC1_PLB205;13.56;ADELANTADA
RC1_PLB206;15.25;ADELANTADA
RC1_PLB207;17.8;ADELANTADA
RC1_PLB208;18.64;ADELANTADA
RC1_PLB209;2.54;ADELANTADA
RC1_PLB210;3.39;ADELANTADA
RC1_PLB211;4.24;ADELANTADA
RC1_PLB212;5.08;ADELANTADA
RC1_PLB213;5.93;ADELANTADA
RC1_PLB214;6.78;ADELANTADA
RC1_PLB215;7.63;ADELANTADA
RC1_PLB216;8.47;ADELANTADA
RC1_PLB217;9.32;ADELANTADA
RC1_PLB218;10.17;ADELANTADA
RC1_PLB219;11.02;ADELANTADA
RC1_PLB220;11.86;ADELANTADA
RC1_PLB221;12.71;ADELANTADA
RC1_PLB222;13.56;ADELANTADA
RC1_PLB223;14.41;ADELANTADA
RC1_PLB224;15.25;ADELANTADA
RC1_PLB225;16.1;ADELANTADA
RC1_PLB226;16.95;ADELANTADA
RC1_PLB227;17.8;ADELANTADA
RC1_PLB228;18.64;ADELANTADA
RC1_PLB229;19.49;ADELANTADA
RC1_PLB230;20.34;ADELANTADA
RC1_PLB231;21.19;ADELANTADA
RC1_PLB232;22.03;ADELANTADA
RC1_PLB233;22.88;ADELANTADA
RC1_PLB234;23.73;ADELANTADA
RC1_PLB235;24.58;ADELANTADA
RC1_PLB236;25.42;ADELANTADA
RC1_PLB237;26.27;ADELANTADA
RC1_PLB238;20.34;ADELANTADA
RC1_PLB239;27.12;ADELANTADA
RC1_PLB240;23.73;ADELANTADA
RC1_PLB241;31.36;ADELANTADA
RC1_PLB242;57.63;ADELANTADA
RC1_PLB243;27.97;ADELANTADA
RC1_PLB244;28.81;ADELANTADA
RC1_PLB245;29.66;ADELANTADA
RC1_PLB246;30.51;ADELANTADA
RC1_PLB247;32.2;ADELANTADA
RC1_PLB248;33.05;ADELANTADA
RC1_PLB249;33.9;ADELANTADA
RC1_PLB250;35.59;ADELANTADA
RC1_PLB251;46.61;ADELANTADA
RC1_PLB252;18.64;ADELANTADA
RC1_PLB253;18.64;ADELANTADA
RC1_PLB254;18.64;ADELANTADA
RC1_PLB255;18.64;ADELANTADA
RC1_PLB257;50;ADELANTADA
RC1_PLB262;41.53;ADELANTADA
RC1_PLB263;48.31;ADELANTADA
RC1_PLB264;34.75;ADELANTADA
RC1_PLB33;0;ADELANTADA
RC1_PLB34;33.05;ADELANTADA
RC1_PLB35;294.92;ADELANTADA
RC1_PLB36;0.85;ADELANTADA
RC1_PLB37;1.69;ADELANTADA
RC1_PLB38;1.69;ADELANTADA
RC1_PLB39;1.69;ADELANTADA
RC1_PLB40;2.54;ADELANTADA
RC1_PLB41;2.54;ADELANTADA
RC1_PLB42;2.54;ADELANTADA
RC1_PLB43;3.39;ADELANTADA
RC1_PLB44;3.39;ADELANTADA
RC1_PLB45;3.39;ADELANTADA
RC1_PLB46;4.24;ADELANTADA
RC1_PLB47;4.24;ADELANTADA
RC1_PLB48;4.24;ADELANTADA
RC1_PLB49;5.08;ADELANTADA
RC1_PLB50;5.08;ADELANTADA
RC1_PLB51;5.08;ADELANTADA
RC1_PLB52;5.93;ADELANTADA
RC1_PLB53;5.93;ADELANTADA
RC1_PLB54;5.93;ADELANTADA
RC1_PLB55;6.78;ADELANTADA
RC1_PLB56;6.78;ADELANTADA
RC1_PLB57;6.78;ADELANTADA
RC1_PLB58;6.78;ADELANTADA
RC1_PLB59;7.63;ADELANTADA
RC1_PLB60;7.63;ADELANTADA
RC1_PLB61;7.63;ADELANTADA
RC1_PLB62;8.47;ADELANTADA
RC1_PLB63;8.47;ADELANTADA
RC1_PLB64;8.47;ADELANTADA
RC1_PLB65;8.47;ADELANTADA
RC1_PLB66;9.32;ADELANTADA
RC1_PLB67;9.32;ADELANTADA
RC1_PLB68;9.32;ADELANTADA
RC1_PLB69;10.17;ADELANTADA
RC1_PLB70;10.17;ADELANTADA
RC1_PLB71;10.17;VENCIDA
RC1_PLB72;10.17;ADELANTADA
RC1_PLB73;11.02;ADELANTADA
RC1_PLB74;11.02;ADELANTADA
RC1_PLB75;11.02;ADELANTADA
RC1_PLB76;11.86;ADELANTADA
RC1_PLB77;11.86;ADELANTADA
RC1_PLB78;11.86;ADELANTADA
RC1_PLB79;12.71;ADELANTADA
RC1_PLB80;12.71;ADELANTADA
RC1_PLB81;12.71;ADELANTADA
RC1_PLB82;12.71;ADELANTADA
RC1_PLB83;13.56;ADELANTADA
RC1_PLB84;13.56;ADELANTADA
RC1_PLB85;13.56;ADELANTADA
RC1_PLB86;14.41;ADELANTADA
RC1_PLB87;14.41;ADELANTADA
RC1_PLB88;14.41;ADELANTADA
RC1_PLB89;15.25;ADELANTADA
RC1_PLB90;15.25;ADELANTADA
RC1_PLB91;15.25;ADELANTADA
RC1_PLB92;16.1;ADELANTADA
RC1_PLB93;16.1;ADELANTADA
RC1_PLB94;16.1;ADELANTADA
RC1_PLB95;16.95;ADELANTADA
RC1_PLB96;16.95;ADELANTADA
RC1_PLB97;16.95;ADELANTADA
RC1_PLB98;17.8;ADELANTADA
RC1_PLB99;17.8;ADELANTADA
RC1_PPF;0;
RC1_RBTCANCADIC;2.67;
RC1_RENBOL10;0;
RC1_RENBOL14;0;
RC1_RENBOL15;0;
RC1_RENBOL16;0;
RC1_RENBOL3;0;
RC1_RENBOL4;0;
RC1_RENBOL5;0;
RC1_RENBOL8;0;
RC1_RENBOL9;0;
RC1_RINGBACKTO1;5.08;
RC1_RINGBACKTON;1.69;
RC1_SCT4586;41.44;ADELANTADA
RC1_SCT4682;110.08;ADELANTADA
RC1_SCT4683;101.61;ADELANTADA
RC1_SCT4684;66.01;ADELANTADA
RC1_SCT4685;53.3;ADELANTADA
RC1_SCT4687;32.11;ADELANTADA
RC1_SCT4688;27.03;ADELANTADA
RC1_SCT4695;254.15;ADELANTADA
RC1_SCT4696;169.41;ADELANTADA
RC1_SCT4697;118.56;ADELANTADA
RC1_SCT4698;98.22;ADELANTADA
RC1_SCT4699;85.5;ADELANTADA
RC1_SCT4700;88.89;ADELANTADA
RC1_SCT4701;80.42;ADELANTADA
RC1_SCT4702;66.01;ADELANTADA
RC1_SCT4703;56.69;ADELANTADA
RC1_SCT4704;48.22;ADELANTADA
RC1_SCT4705;38.89;ADELANTADA
RC1_SCT4706;123.64;ADELANTADA
RC1_SCT4707;93.98;ADELANTADA
RC1_SCT4708;77.03;ADELANTADA
RC1_SCT4709;66.01;ADELANTADA
RC1_SCT4710;66.01;ADELANTADA
RC1_SCT4711;66.01;ADELANTADA
RC1_SCT4712;43.13;ADELANTADA
RC1_SCT4713;38.89;ADELANTADA
RC1_SEGURODEVIC;0;
RC1_SEGURODEVRV;0;
RC1_SHA001;12.7;
RC1_SRVINTEMERG;0;
RC1_STC1004;42.29;ADELANTADA
RC1_STC1012;27.63;ADELANTADA
RC1_STC1013;42.29;ADELANTADA
RC1_STC1079;49.07;ADELANTADA
RC1_STC1084;101.61;ADELANTADA
RC1_STC1086;85.2;ADELANTADA
RC1_STC1088;39.14;ADELANTADA
RC1_STC1089;62.17;ADELANTADA
RC1_STC1110;21.95;ADELANTADA
RC1_STC1111;21.95;ADELANTADA
RC1_STC1112;27.88;ADELANTADA
RC1_STC1118;42.29;ADELANTADA
RC1_STC1119;50.76;ADELANTADA
RC1_STC1120;67.71;ADELANTADA
RC1_STC1122;57.59;ADELANTADA
RC1_STC1123;69.11;ADELANTADA
RC1_STC1133;49.07;ADELANTADA
RC1_STC1134;55.84;ADELANTADA
RC1_STC1177;67.95;ADELANTADA
RC1_STC1179;54.24;ADELANTADA
RC1_STC1180;0;ADELANTADA
RC1_STC1181;29.93;ADELANTADA
RC1_STC1190;52.99;ADELANTADA
RC1_STC1198;103.65;ADELANTADA
RC1_STC1203;126.71;ADELANTADA
RC1_STC1204;149.74;ADELANTADA
RC1_STC1205;169.41;ADELANTADA
RC1_STC121;81.31;ADELANTADA
RC1_STC1213;126.71;ADELANTADA
RC1_STC132;92.11;ADELANTADA
RC1_STC137;36.87;ADELANTADA
RC1_STC138;36.87;ADELANTADA
RC1_STC1394;23.02;ADELANTADA
RC1_STC1395;34.57;ADELANTADA
RC1_STC1396;46.08;ADELANTADA
RC1_STC1418;42.29;ADELANTADA
RC1_STC1453;39.14;ADELANTADA
RC1_STC1474;27.6;ADELANTADA
RC1_STC1479;43.86;ADELANTADA
RC1_STC1480;37.01;ADELANTADA
RC1_STC1481;32.89;ADELANTADA
RC1_STC1501;42.29;ADELANTADA
RC1_STC1505;49.07;ADELANTADA
RC1_STC1506;55.84;ADELANTADA
RC1_STC1512;36.84;ADELANTADA
RC1_STC1522;85.2;ADELANTADA
RC1_STC1523;108.26;ADELANTADA
RC1_STC1524;126.71;ADELANTADA
RC1_STC1526;169.41;ADELANTADA
RC1_STC1527;254.15;ADELANTADA
RC1_STC1528;48.38;ADELANTADA
RC1_STC1531;41.47;ADELANTADA
RC1_STC1532;48.38;ADELANTADA
RC1_STC1533;52.99;ADELANTADA
RC1_STC1545;23.02;ADELANTADA
RC1_STC1548;110.59;ADELANTADA
RC1_STC1549;115.19;ADELANTADA
RC1_STC1550;165.86;ADELANTADA
RC1_STC1551;211.94;ADELANTADA
RC1_STC1565;42.29;ADELANTADA
RC1_STC1567;57.59;ADELANTADA
RC1_STC1568;69.11;ADELANTADA
RC1_STC1577;34.57;ADELANTADA
RC1_STC1578;34.57;ADELANTADA
RC1_STC1610;92.14;ADELANTADA
RC1_STC1611;101.35;ADELANTADA
RC1_STC1612;112.89;ADELANTADA
RC1_STC1613;117.5;ADELANTADA
RC1_STC1614;165.86;ADELANTADA
RC1_STC1615;211.94;ADELANTADA
RC1_STC1619;117.5;ADELANTADA
RC1_STC1626;34.54;ADELANTADA
RC1_STC1628;55.29;ADELANTADA
RC1_STC1638;48.38;ADELANTADA
RC1_STC1642;23.02;ADELANTADA
RC1_STC1665;71.41;ADELANTADA
RC1_STC1678;71.41;ADELANTADA
RC1_STC169;50.66;ADELANTADA
RC1_STC1716;39.14;ADELANTADA
RC1_STC1719;75.99;ADELANTADA
RC1_STC1720;110.56;ADELANTADA
RC1_STC1728;50.66;ADELANTADA
RC1_STC1731;36.84;ADELANTADA
RC1_STC1732;43.75;ADELANTADA
RC1_STC1733;50.66;ADELANTADA
RC1_STC1734;55.26;ADELANTADA
RC1_STC1750;42.29;ADELANTADA
RC1_STC1751;57.57;ADELANTADA
RC1_STC176;49.07;ADELANTADA
RC1_STC1766;0;ADELANTADA
RC1_STC1786;0;ADELANTADA
RC1_STC1787;0;ADELANTADA
RC1_STC179;85.2;ADELANTADA
RC1_STC1792;46.05;ADELANTADA
RC1_STC1828;41.47;ADELANTADA
RC1_STC1831;57.59;ADELANTADA
RC1_STC1834;69.11;ADELANTADA
RC1_STC1835;74.87;ADELANTADA
RC1_STC1836;79.47;ADELANTADA
RC1_STC1871;122.1;ADELANTADA
RC1_STC188;18.64;ADELANTADA
RC1_STC1901;50.76;ADELANTADA
RC1_STC1902;77.03;ADELANTADA
RC1_STC1903;76.18;ADELANTADA
RC1_STC1904;84.66;ADELANTADA
RC1_STC1905;101.61;ADELANTADA
RC1_STC1907;117.47;ADELANTADA
RC1_STC1911;169.4;ADELANTADA
RC1_STC1912;84.66;ADELANTADA
RC1_STC1915;117.47;ADELANTADA
RC1_STC1959;46.05;ADELANTADA
RC1_STC1960;66.1;ADELANTADA
RC1_STC1966;46.05;ADELANTADA
RC1_STC1967;52.96;ADELANTADA
RC1_STC1968;62.17;ADELANTADA
RC1_STC1969;39.14;ADELANTADA
RC1_STC197;71.38;ADELANTADA
RC1_STC1970;50.85;ADELANTADA
RC1_STC1971;57.57;ADELANTADA
RC1_STC1972;34.54;ADELANTADA
RC1_STC1973;56.69;ADELANTADA
RC1_STC1974;48.36;ADELANTADA
RC1_STC1975;52.96;ADELANTADA
RC1_STC1987;35.5;ADELANTADA
RC1_STC1988;36.84;ADELANTADA
RC1_STC1989;46.05;ADELANTADA
RC1_STC1990;55.26;ADELANTADA
RC1_STC1991;36.84;ADELANTADA
RC1_STC1992;46.05;ADELANTADA
RC1_STC1993;55.26;ADELANTADA
RC1_STC1994;69.08;ADELANTADA
RC1_STC1995;85.2;ADELANTADA
RC1_STC1996;108.26;ADELANTADA
RC1_STC1997;140.5;ADELANTADA
RC1_STC1998;186.58;ADELANTADA
RC1_STC1999;322.51;ADELANTADA
RC1_STC20;0;ADELANTADA
RC1_STC2002;20.72;ADELANTADA
RC1_STC2003;29.96;ADELANTADA
RC1_STC2004;4.11;ADELANTADA
RC1_STC2007;9.86;ADELANTADA
RC1_STC201;36.84;ADELANTADA
RC1_STC2015;3152.72;ADELANTADA
RC1_STC2016;6112.4;ADELANTADA
RC1_STC204;55.84;ADELANTADA
RC1_STC2046;9745.76;ADELANTADA
RC1_STC2056;60.05;ADELANTADA
RC1_STC206;59.87;ADELANTADA
RC1_STC2062;42.29;ADELANTADA
RC1_STC207;42.29;ADELANTADA
RC1_STC2070;115.17;ADELANTADA
RC1_STC208;50.76;ADELANTADA
RC1_STC2157;50.76;ADELANTADA
RC1_STC2166;19.4;ADELANTADA
RC1_STC2168;165.86;ADELANTADA
RC1_STC2179;23.02;ADELANTADA
RC1_STC2194;50.66;ADELANTADA
RC1_STC2195;36.84;ADELANTADA
RC1_STC225;43.75;ADELANTADA
RC1_STC2276;25.34;ADELANTADA
RC1_STC2277;30.42;ADELANTADA
RC1_STC228;193.49;ADELANTADA
RC1_STC2282;0.93;ADELANTADA
RC1_STC2283;1.37;ADELANTADA
RC1_STC2284;3.45;ADELANTADA
RC1_STC229;84.66;ADELANTADA
RC1_STC2299;20.25;ADELANTADA
RC1_STC2307;69.08;ADELANTADA
RC1_STC2345;23.64;ADELANTADA
RC1_STC2353;32.89;ADELANTADA
RC1_STC2355;42.29;ADELANTADA
RC1_STC2356;55.84;ADELANTADA
RC1_STC2362;138.22;ADELANTADA
RC1_STC2378;38.9;ADELANTADA
RC1_STC2379;49.07;ADELANTADA
RC1_STC2380;27.11;ADELANTADA
RC1_STC2381;55.84;ADELANTADA
RC1_STC2382;32.11;ADELANTADA
RC1_STC2383;69.08;ADELANTADA
RC1_STC2384;36.35;ADELANTADA
RC1_STC2385;96.74;ADELANTADA
RC1_STC2400;82.9;ADELANTADA
RC1_STC2406;36.84;ADELANTADA
RC1_STC2407;43.75;ADELANTADA
RC1_STC2408;57.57;ADELANTADA
RC1_STC2409;82.9;ADELANTADA
RC1_STC2410;75.99;ADELANTADA
RC1_STC2411;103.65;ADELANTADA
RC1_STC2412;149.71;ADELANTADA
RC1_STC2413;39.14;ADELANTADA
RC1_STC2414;46.05;ADELANTADA
RC1_STC2415;57.57;ADELANTADA
RC1_STC2416;34.54;ADELANTADA
RC1_STC2417;41.45;ADELANTADA
RC1_STC2419;52.96;ADELANTADA
RC1_STC2434;27.63;ADELANTADA
RC1_STC2435;36.84;ADELANTADA
RC1_STC2436;36.84;ADELANTADA
RC1_STC2441;89.81;ADELANTADA
RC1_STC2442;103.65;ADELANTADA
RC1_STC2443;128.98;ADELANTADA
RC1_STC2444;149.71;ADELANTADA
RC1_STC245;169.41;ADELANTADA
RC1_STC2459;42.29;ADELANTADA
RC1_STC2460;50.76;ADELANTADA
RC1_STC2462;41.44;ADELANTADA
RC1_STC2463;44.83;ADELANTADA
RC1_STC2468;55.26;ADELANTADA
RC1_STC2471;46.05;ADELANTADA
RC1_STC2472;36.87;ADELANTADA
RC1_STC249;254.15;ADELANTADA
RC1_STC250;96.72;ADELANTADA
RC1_STC2527;77.96;ADELANTADA
RC1_STC2528;98.3;ADELANTADA
RC1_STC2532;55.08;ADELANTADA
RC1_STC2544;156.78;ADELANTADA
RC1_STC2554;42.36;ADELANTADA
RC1_STC2555;50.84;ADELANTADA
RC1_STC2556;59.31;ADELANTADA
RC1_STC2557;67.79;ADELANTADA
RC1_STC2558;84.74;ADELANTADA
RC1_STC2560;161.01;ADELANTADA
RC1_STC2561;40.67;ADELANTADA
RC1_STC2562;49.14;ADELANTADA
RC1_STC2563;59.31;ADELANTADA
RC1_STC2564;35.58;ADELANTADA
RC1_STC2565;44.91;ADELANTADA
RC1_STC2566;54.61;ADELANTADA
RC1_STC2567;30.5;ADELANTADA
RC1_STC2569;42.36;ADELANTADA
RC1_STC2570;49.07;ADELANTADA
RC1_STC258;42.29;ADELANTADA
RC1_STC2580;53.3;ADELANTADA
RC1_STC2583;61.77;ADELANTADA
RC1_STC2584;66.01;ADELANTADA
RC1_STC2602;38.13;ADELANTADA
RC1_STC2603;42.36;ADELANTADA
RC1_STC2609;115.24;ADELANTADA
RC1_STC2642;72.8;ADELANTADA
RC1_STC2650;25.34;ADELANTADA
RC1_STC2651;30.42;ADELANTADA
RC1_STC2726;28;ADELANTADA
RC1_STC2727;23;ADELANTADA
RC1_STC2728;28;ADELANTADA
RC1_STC2774;101.61;ADELANTADA
RC1_STC2793;21;ADELANTADA
RC1_STC2795;37.8;ADELANTADA
RC1_STC2823;42.36;ADELANTADA
RC1_STC2824;50.84;ADELANTADA
RC1_STC2829;27.97;ADELANTADA
RC1_STC2834;8.22;ADELANTADA
RC1_STC2835;17.13;ADELANTADA
RC1_STC2863;29.66;ADELANTADA
RC1_STC2864;55.08;ADELANTADA
RC1_STC2866;80.51;ADELANTADA
RC1_STC2868;37.81;ADELANTADA
RC1_STC2869;49.07;ADELANTADA
RC1_STC287;59.87;ADELANTADA
RC1_STC2870;50.41;ADELANTADA
RC1_STC2872;49.07;ADELANTADA
RC1_STC2874;58.82;ADELANTADA
RC1_STC2890;33.61;ADELANTADA
RC1_STC2892;84.66;ADELANTADA
RC1_STC2900;27.73;ADELANTADA
RC1_STC293;50.76;ADELANTADA
RC1_STC2937;2724;ADELANTADA
RC1_STC2963;67.71;ADELANTADA
RC1_STC2964;84.66;ADELANTADA
RC1_STC2967;40.59;ADELANTADA
RC1_STC2968;49.07;ADELANTADA
RC1_STC2969;59.24;ADELANTADA
RC1_STC2970;35.29;ADELANTADA
RC1_STC2971;44.83;ADELANTADA
RC1_STC2975;42.29;ADELANTADA
RC1_STC3016;38.9;ADELANTADA
RC1_STC3028;67.2;ADELANTADA
RC1_STC3029;83.98;ADELANTADA
RC1_STC3031;159.66;ADELANTADA
RC1_STC3032;40.25;ADELANTADA
RC1_STC3034;58.81;ADELANTADA
RC1_STC3035;35.25;ADELANTADA
RC1_STC3036;44.49;ADELANTADA
RC1_STC3037;54.58;ADELANTADA
RC1_STC3038;30.17;ADELANTADA
RC1_STC3040;41.95;ADELANTADA
RC1_STC3050;58.81;ADELANTADA
RC1_STC3063;114.24;ADELANTADA
RC1_STC3074;83.13;ADELANTADA
RC1_STC3075;100;ADELANTADA
RC1_STC3077;254.15;ADELANTADA
RC1_STC3097;58.47;ADELANTADA
RC1_STC310;254.15;ADELANTADA
RC1_STC3100;27.97;ADELANTADA
RC1_STC3104;41.52;ADELANTADA
RC1_STC3105;50;ADELANTADA
RC1_STC3106;66.95;ADELANTADA
RC1_STC3107;75.42;ADELANTADA
RC1_STC3110;39.83;ADELANTADA
RC1_STC3111;48.31;ADELANTADA
RC1_STC3112;56.78;ADELANTADA
RC1_STC3113;65.25;ADELANTADA
RC1_STC3114;34.74;ADELANTADA
RC1_STC3115;43.22;ADELANTADA
RC1_STC3116;51.69;ADELANTADA
RC1_STC3117;60.17;ADELANTADA
RC1_STC3118;29.66;ADELANTADA
RC1_STC3119;55.84;ADELANTADA
RC1_STC3120;33.9;ADELANTADA
RC1_STC3122;46.61;ADELANTADA
RC1_STC3123;41.52;ADELANTADA
RC1_STC3124;42.29;ADELANTADA
RC1_STC3125;46.61;ADELANTADA
RC1_STC3126;49.07;ADELANTADA
RC1_STC3128;76.27;ADELANTADA
RC1_STC3140;20.25;ADELANTADA
RC1_STC3141;21.19;ADELANTADA
RC1_STC3144;83.9;ADELANTADA
RC1_STC3145;100.85;ADELANTADA
RC1_STC3146;117.8;ADELANTADA
RC1_STC3147;126.27;ADELANTADA
RC1_STC3148;169.41;ADELANTADA
RC1_STC3153;113.56;ADELANTADA
RC1_STC3155;169.41;ADELANTADA
RC1_STC3156;42.29;ADELANTADA
RC1_STC3157;42.37;ADELANTADA
RC1_STC3159;76.27;ADELANTADA
RC1_STC3160;49.07;ADELANTADA
RC1_STC3161;55.84;ADELANTADA
RC1_STC3162;38.13;ADELANTADA
RC1_STC3163;42.29;ADELANTADA
RC1_STC3166;41.52;ADELANTADA
RC1_STC3167;58.47;ADELANTADA
RC1_STC3168;83.9;ADELANTADA
RC1_STC3169;109.32;ADELANTADA
RC1_STC3171;168.64;ADELANTADA
RC1_STC3174;84.74;ADELANTADA
RC1_STC3175;55.84;ADELANTADA
RC1_STC3176;76.18;ADELANTADA
RC1_STC3177;80.51;ADELANTADA
RC1_STC3178;105.93;ADELANTADA
RC1_STC3179;143.98;ADELANTADA
RC1_STC3180;156.78;ADELANTADA
RC1_STC3181;72.8;ADELANTADA
RC1_STC3182;72.03;ADELANTADA
RC1_STC3183;76.27;ADELANTADA
RC1_STC3194;55.84;ADELANTADA
RC1_STC3196;67.8;ADELANTADA
RC1_STC3197;18.58;ADELANTADA
RC1_STC32;120.81;ADELANTADA
RC1_STC320;72.01;ADELANTADA
RC1_STC3204;38.9;ADELANTADA
RC1_STC3205;41.52;ADELANTADA
RC1_STC3206;58.47;ADELANTADA
RC1_STC3207;84.66;ADELANTADA
RC1_STC3209;33.05;ADELANTADA
RC1_STC3210;41.52;ADELANTADA
RC1_STC3211;58.47;ADELANTADA
RC1_STC3212;83.9;ADELANTADA
RC1_STC3225;123.36;ADELANTADA
RC1_STC3227;23.64;ADELANTADA
RC1_STC3234;55.08;ADELANTADA
RC1_STC3238;97.46;ADELANTADA
RC1_STC3251;652.63;ADELANTADA
RC1_STC3255;5813.34;ADELANTADA
RC1_STC326;394.96;ADELANTADA
RC1_STC3269;73.67;ADELANTADA
RC1_STC3271;49.07;ADELANTADA
RC1_STC3288;59.32;ADELANTADA
RC1_STC3289;67.8;ADELANTADA
RC1_STC3290;84.74;ADELANTADA
RC1_STC3291;76.27;ADELANTADA
RC1_STC3292;101.69;ADELANTADA
RC1_STC3293;118.64;ADELANTADA
RC1_STC3295;169.41;ADELANTADA
RC1_STC3296;50.76;ADELANTADA
RC1_STC3304;143.22;ADELANTADA
RC1_STC3305;73.73;ADELANTADA
RC1_STC3306;70;ADELANTADA
RC1_STC3307;68.39;ADELANTADA
RC1_STC3308;64.07;ADELANTADA
RC1_STC3309;60.59;ADELANTADA
RC1_STC3324;18.59;ADELANTADA
RC1_STC3325;33.81;ADELANTADA
RC1_STC3334;42.29;ADELANTADA
RC1_STC3336;392;ADELANTADA
RC1_STC3338;1321.6;ADELANTADA
RC1_STC3346;21.71;ADELANTADA
RC1_STC3347;33.81;ADELANTADA
RC1_STC3348;42.37;ADELANTADA
RC1_STC3350;80.51;ADELANTADA
RC1_STC3351;105.93;ADELANTADA
RC1_STC3360;0;ADELANTADA
RC1_STC3362;49.07;ADELANTADA
RC1_STC3363;55.84;ADELANTADA
RC1_STC3374;30.42;ADELANTADA
RC1_STC3375;42.37;ADELANTADA
RC1_STC3376;55.08;ADELANTADA
RC1_STC3377;80.51;ADELANTADA
RC1_STC3378;105.93;ADELANTADA
RC1_STC3380;169.41;ADELANTADA
RC1_STC3384;42.29;ADELANTADA
RC1_STC339;85.2;ADELANTADA
RC1_STC3392;50.85;ADELANTADA
RC1_STC3393;59.32;ADELANTADA
RC1_STC3394;83.9;ADELANTADA
RC1_STC3395;110.08;ADELANTADA
RC1_STC3401;33.05;ADELANTADA
RC1_STC3402;41.52;ADELANTADA
RC1_STC3403;58.47;ADELANTADA
RC1_STC3404;83.9;ADELANTADA
RC1_STC3405;100.85;ADELANTADA
RC1_STC3406;33.05;ADELANTADA
RC1_STC3407;41.52;ADELANTADA
RC1_STC3408;58.47;ADELANTADA
RC1_STC3409;83.9;ADELANTADA
RC1_STC3410;100.85;ADELANTADA
RC1_STC3411;83.9;ADELANTADA
RC1_STC3412;109.32;ADELANTADA
RC1_STC3413;126.27;ADELANTADA
RC1_STC3414;151.69;ADELANTADA
RC1_STC3418;34.74;ADELANTADA
RC1_STC3419;48.31;ADELANTADA
RC1_STC3420;56.78;ADELANTADA
RC1_STC3422;49.07;ADELANTADA
RC1_STC3425;29.66;ADELANTADA
RC1_STC3426;43.22;ADELANTADA
RC1_STC3427;51.69;ADELANTADA
RC1_STC3428;25.42;ADELANTADA
RC1_STC3431;37.29;ADELANTADA
RC1_STC3432;41.52;ADELANTADA
RC1_STC3434;66.95;ADELANTADA
RC1_STC3435;83.9;ADELANTADA
RC1_STC3436;101.61;ADELANTADA
RC1_STC3437;127.03;ADELANTADA
RC1_STC3438;168.64;ADELANTADA
RC1_STC3439;169.41;ADELANTADA
RC1_STC344;108.26;ADELANTADA
RC1_STC3441;33.9;ADELANTADA
RC1_STC3442;38.13;ADELANTADA
RC1_STC3443;49.07;ADELANTADA
RC1_STC3444;63.56;ADELANTADA
RC1_STC3445;80.51;ADELANTADA
RC1_STC3448;84.74;ADELANTADA
RC1_STC3450;101.69;ADELANTADA
RC1_STC3456;42.37;ADELANTADA
RC1_STC3457;59.32;ADELANTADA
RC1_STC3458;76.27;ADELANTADA
RC1_STC3459;84.74;ADELANTADA
RC1_STC3506;38.9;ADELANTADA
RC1_STC3507;44.83;ADELANTADA
RC1_STC3508;42.29;ADELANTADA
RC1_STC3509;49.07;ADELANTADA
RC1_STC3510;63.56;ADELANTADA
RC1_STC3514;59.32;ADELANTADA
RC1_STC3515;76.27;ADELANTADA
RC1_STC3516;84.74;ADELANTADA
RC1_STC3517;101.69;ADELANTADA
RC1_STC3522;44.83;ADELANTADA
RC1_STC3524;67.71;ADELANTADA
RC1_STC3525;84.66;ADELANTADA
RC1_STC3530;38.13;ADELANTADA
RC1_STC3532;67.71;ADELANTADA
RC1_STC3538;55.84;ADELANTADA
RC1_STC3539;84.66;ADELANTADA
RC1_STC3540;105.93;ADELANTADA
RC1_STC3541;139.83;ADELANTADA
RC1_STC3542;169.4;ADELANTADA
RC1_STC3545;55.08;ADELANTADA
RC1_STC3546;80.51;ADELANTADA
RC1_STC3547;105.93;ADELANTADA
RC1_STC3548;139.83;ADELANTADA
RC1_STC3549;169.41;ADELANTADA
RC1_STC3552;27.97;ADELANTADA
RC1_STC3553;42.29;ADELANTADA
RC1_STC3554;49.07;ADELANTADA
RC1_STC3555;30.42;ADELANTADA
RC1_STC3556;33.9;ADELANTADA
RC1_STC3557;42.37;ADELANTADA
RC1_STC3558;50.85;ADELANTADA
RC1_STC3559;59.32;ADELANTADA
RC1_STC3560;84.66;ADELANTADA
RC1_STC3561;110.08;ADELANTADA
RC1_STC3568;25.33;ADELANTADA
RC1_STC3569;27.88;ADELANTADA
RC1_STC3575;55.08;ADELANTADA
RC1_STC3579;97.46;ADELANTADA
RC1_STC3616;44.83;ADELANTADA
RC1_STC3628;27.03;ADELANTADA
RC1_STC3629;27.88;ADELANTADA
RC1_STC3630;33.81;ADELANTADA
RC1_STC3631;42.29;ADELANTADA
RC1_STC3632;44.83;ADELANTADA
RC1_STC3633;50.76;ADELANTADA
RC1_STC3634;55.84;ADELANTADA
RC1_STC3635;77.03;ADELANTADA
RC1_STC3636;77.03;ADELANTADA
RC1_STC3670;80.51;ADELANTADA
RC1_STC3673;76.27;ADELANTADA
RC1_STC3680;24.58;ADELANTADA
RC1_STC3701;0;ADELANTADA
RC1_STC3703;27.88;ADELANTADA
RC1_STC3704;30.42;ADELANTADA
RC1_STC3705;33.81;ADELANTADA
RC1_STC3708;59.32;ADELANTADA
RC1_STC3711;55.08;ADELANTADA
RC1_STC3719;46.61;ADELANTADA
RC1_STC3720;55.84;ADELANTADA
RC1_STC3721;77.03;ADELANTADA
RC1_STC3723;49.07;ADELANTADA
RC1_STC3725;32.24;ADELANTADA
RC1_STC3726;101.61;ADELANTADA
RC1_STC3727;50.76;ADELANTADA
RC1_STC3728;69.08;ADELANTADA
RC1_STC3729;55.84;ADELANTADA
RC1_STC3730;38.9;ADELANTADA
RC1_STC3731;88.89;ADELANTADA
RC1_STC3732;49.07;ADELANTADA
RC1_STC3733;96.74;ADELANTADA
RC1_STC3734;110.56;ADELANTADA
RC1_STC3735;127.03;ADELANTADA
RC1_STC3741;42.29;ADELANTADA
RC1_STC3742;29.93;ADELANTADA
RC1_STC3743;48.38;ADELANTADA
RC1_STC3746;55.84;ADELANTADA
RC1_STC3747;88.89;ADELANTADA
RC1_STC3748;88.97;ADELANTADA
RC1_STC3749;72.8;ADELANTADA
RC1_STC3750;105.92;ADELANTADA
RC1_STC376;33.81;ADELANTADA
RC1_STC3763;169.41;ADELANTADA
RC1_STC3764;50.76;ADELANTADA
RC1_STC3765;49.91;ADELANTADA
RC1_STC3766;50.66;ADELANTADA
RC1_STC3767;33.05;ADELANTADA
RC1_STC3768;42.37;ADELANTADA
RC1_STC3770;46.61;ADELANTADA
RC1_STC3773;49.07;ADELANTADA
RC1_STC3778;33.81;ADELANTADA
RC1_STC3779;47.37;ADELANTADA
RC1_STC3780;59.24;ADELANTADA
RC1_STC3781;84.66;ADELANTADA
RC1_STC3782;110.08;ADELANTADA
RC1_STC3784;169.41;ADELANTADA
RC1_STC3787;30.42;ADELANTADA
RC1_STC3788;38.9;ADELANTADA
RC1_STC3789;49.07;ADELANTADA
RC1_STC3790;42.29;ADELANTADA
RC1_STC3791;50.76;ADELANTADA
RC1_STC3792;59.24;ADELANTADA
RC1_STC3793;88.89;ADELANTADA
RC1_STC3794;110.08;ADELANTADA
RC1_STC3796;169.41;ADELANTADA
RC1_STC3798;254.15;ADELANTADA
RC1_STC3799;31.36;ADELANTADA
RC1_STC3800;38.9;ADELANTADA
RC1_STC3801;42.29;ADELANTADA
RC1_STC3802;55.84;ADELANTADA
RC1_STC3803;49.07;ADELANTADA
RC1_STC3804;55.84;ADELANTADA
RC1_STC3806;88.9;ADELANTADA
RC1_STC3807;114.32;ADELANTADA
RC1_STC3812;38.9;ADELANTADA
RC1_STC3819;82.9;ADELANTADA
RC1_STC3833;110.56;ADELANTADA
RC1_STC3834;80.6;ADELANTADA
RC1_STC3835;88.89;ADELANTADA
RC1_STC3836;108.26;ADELANTADA
RC1_STC3837;46.08;ADELANTADA
RC1_STC3838;100.85;ADELANTADA
RC1_STC3841;149.71;ADELANTADA
RC1_STC3843;75.99;ADELANTADA
RC1_STC3844;92.14;ADELANTADA
RC1_STC3845;59.87;ADELANTADA
RC1_STC3846;155.42;ADELANTADA
RC1_STC3847;96.72;ADELANTADA
RC1_STC3851;67.71;ADELANTADA
RC1_STC3853;50.76;ADELANTADA
RC1_STC3854;84.74;ADELANTADA
RC1_STC3876;58.47;ADELANTADA
RC1_STC3877;83.9;ADELANTADA
RC1_STC3879;42.29;ADELANTADA
RC1_STC389;55.84;ADELANTADA
RC1_STC3896;25.33;ADELANTADA
RC1_STC390;67.71;ADELANTADA
RC1_STC3903;55.84;ADELANTADA
RC1_STC3904;63.56;ADELANTADA
RC1_STC3905;72.03;ADELANTADA
RC1_STC3906;84.66;ADELANTADA
RC1_STC3907;97.46;ADELANTADA
RC1_STC391;101.61;ADELANTADA
RC1_STC3915;55.08;ADELANTADA
RC1_STC3916;63.56;ADELANTADA
RC1_STC3917;76.27;ADELANTADA
RC1_STC3918;84.74;ADELANTADA
RC1_STC3919;93.22;ADELANTADA
RC1_STC392;110.08;ADELANTADA
RC1_STC393;128.98;ADELANTADA
RC1_STC3932;4866.16;ADELANTADA
RC1_STC3934;42.29;ADELANTADA
RC1_STC3935;47.37;ADELANTADA
RC1_STC3936;55;ADELANTADA
RC1_STC3937;42.29;ADELANTADA
RC1_STC3938;50.76;ADELANTADA
RC1_STC3939;55.84;ADELANTADA
RC1_STC394;169.4;ADELANTADA
RC1_STC3940;38.9;ADELANTADA
RC1_STC3941;49.07;ADELANTADA
RC1_STC3942;59.24;ADELANTADA
RC1_STC3943;84.66;ADELANTADA
RC1_STC3944;110.08;ADELANTADA
RC1_STC3946;59.24;ADELANTADA
RC1_STC3947;84.66;ADELANTADA
RC1_STC3948;110.08;ADELANTADA
RC1_STC395;169.41;ADELANTADA
RC1_STC3976;0;ADELANTADA
RC1_STC3977;33.9;ADELANTADA
RC1_STC3978;46.61;ADELANTADA
RC1_STC3979;88.89;ADELANTADA
RC1_STC3980;127.03;ADELANTADA
RC1_STC3981;169.41;ADELANTADA
RC1_STC3982;169.41;ADELANTADA
RC1_STC3983;254.15;ADELANTADA
RC1_STC3985;59.24;ADELANTADA
RC1_STC3986;84.66;ADELANTADA
RC1_STC3987;110.08;ADELANTADA
RC1_STC3988;143.98;ADELANTADA
RC1_STC3989;169.41;ADELANTADA
RC1_STC3990;169.41;ADELANTADA
RC1_STC3991;254.15;ADELANTADA
RC1_STC4000;138.14;ADELANTADA
RC1_STC4048;25.33;ADELANTADA
RC1_STC4053;0;ADELANTADA
RC1_STC4057;80.51;ADELANTADA
RC1_STC4058;72.03;ADELANTADA
RC1_STC4059;15.89;ADELANTADA
RC1_STC4060;70.55;ADELANTADA
RC1_STC4063;18.64;ADELANTADA
RC1_STC4065;25.5;ADELANTADA
RC1_STC4066;30.8;ADELANTADA
RC1_STC4067;39.6;ADELANTADA
RC1_STC4068;49.3;ADELANTADA
RC1_STC4069;90.25;ADELANTADA
RC1_STC4070;129.25;ADELANTADA
RC1_STC4076;101.61;ADELANTADA
RC1_STC4077;110.17;ADELANTADA
RC1_STC4078;169.41;ADELANTADA
RC1_STC4079;254.15;ADELANTADA
RC1_STC408;55.84;ADELANTADA
RC1_STC4081;88.9;ADELANTADA
RC1_STC4082;97.37;ADELANTADA
RC1_STC4083;15.89;ADELANTADA
RC1_STC4084;70.55;ADELANTADA
RC1_STC4087;18.64;ADELANTADA
RC1_STC4089;114.32;ADELANTADA
RC1_STC409;77.03;ADELANTADA
RC1_STC4090;101.61;ADELANTADA
RC1_STC4091;84.66;ADELANTADA
RC1_STC4092;110.08;ADELANTADA
RC1_STC4094;88.98;ADELANTADA
RC1_STC4095;127.03;ADELANTADA
RC1_STC4096;169.41;ADELANTADA
RC1_STC4097;169.41;ADELANTADA
RC1_STC4098;254.15;ADELANTADA
RC1_STC4099;25.33;ADELANTADA
RC1_STC4100;38.9;ADELANTADA
RC1_STC4103;42.29;ADELANTADA
RC1_STC4104;49.07;ADELANTADA
RC1_STC4106;77.03;ADELANTADA
RC1_STC4107;42.29;ADELANTADA
RC1_STC4108;49.07;ADELANTADA
RC1_STC4110;27.97;ADELANTADA
RC1_STC4111;70.34;ADELANTADA
RC1_STC4115;50.76;ADELANTADA
RC1_STC4117;110.76;ADELANTADA
RC1_STC4131;125.42;ADELANTADA
RC1_STC4132;27.88;ADELANTADA
RC1_STC4133;27.88;ADELANTADA
RC1_STC4134;36.35;ADELANTADA
RC1_STC4135;42.29;ADELANTADA
RC1_STC4136;42.29;ADELANTADA
RC1_STC4137;49.07;ADELANTADA
RC1_STC4138;55.84;ADELANTADA
RC1_STC4142;21.11;ADELANTADA
RC1_STC4146;30.42;ADELANTADA
RC1_STC4152;33.81;ADELANTADA
RC1_STC4153;42.28;ADELANTADA
RC1_STC4178;101.61;ADELANTADA
RC1_STC4179;118.56;ADELANTADA
RC1_STC4181;122.8;ADELANTADA
RC1_STC4183;47.37;ADELANTADA
RC1_STC4184;93.14;ADELANTADA
RC1_STC4185;118.56;ADELANTADA
RC1_STC4186;55.08;ADELANTADA
RC1_STC419;80.62;ADELANTADA
RC1_STC4194;88.89;ADELANTADA
RC1_STC4195;110.08;ADELANTADA
RC1_STC4196;160.93;ADELANTADA
RC1_STC4197;254.15;ADELANTADA
RC1_STC4198;330.42;ADELANTADA
RC1_STC4199;415.17;ADELANTADA
RC1_STC42;0;ADELANTADA
RC1_STC4200;0;ADELANTADA
RC1_STC4201;55.08;ADELANTADA
RC1_STC421;21.95;ADELANTADA
RC1_STC424;77.03;ADELANTADA
RC1_STC4250;84.74;ADELANTADA
RC1_STC4251;0;ADELANTADA
RC1_STC4253;27.88;ADELANTADA
RC1_STC4254;27.88;ADELANTADA
RC1_STC4255;41.44;ADELANTADA
RC1_STC4256;50.76;ADELANTADA
RC1_STC4257;42.29;ADELANTADA
RC1_STC4258;49.07;ADELANTADA
RC1_STC4259;55.84;ADELANTADA
RC1_STC426;85.2;ADELANTADA
RC1_STC4260;50.76;ADELANTADA
RC1_STC4261;42.29;ADELANTADA
RC1_STC4262;33.81;ADELANTADA
RC1_STC4263;33.81;ADELANTADA
RC1_STC4264;101.61;ADELANTADA
RC1_STC4265;50.76;ADELANTADA
RC1_STC4266;77.03;ADELANTADA
RC1_STC4267;10.17;ADELANTADA
RC1_STC4268;4.24;ADELANTADA
RC1_STC4269;55.84;ADELANTADA
RC1_STC4270;76.18;ADELANTADA
RC1_STC4271;101.61;ADELANTADA
RC1_STC4272;58.38;ADELANTADA
RC1_STC4273;55.84;ADELANTADA
RC1_STC4274;88.89;ADELANTADA
RC1_STC4275;127.03;ADELANTADA
RC1_STC4276;169.49;ADELANTADA
RC1_STC4277;110.17;ADELANTADA
RC1_STC4278;152.54;ADELANTADA
RC1_STC4291;101.61;ADELANTADA
RC1_STC4292;21.19;ADELANTADA
RC1_STC4293;25.42;ADELANTADA
RC1_STC4294;41.44;ADELANTADA
RC1_STC4295;56.69;ADELANTADA
RC1_STC4296;63.56;ADELANTADA
RC1_STC4297;67.8;ADELANTADA
RC1_STC4298;84.74;ADELANTADA
RC1_STC4299;118.64;ADELANTADA
RC1_STC4300;169.49;ADELANTADA
RC1_STC4301;25.42;ADELANTADA
RC1_STC4302;38.14;ADELANTADA
RC1_STC4303;50.85;ADELANTADA
RC1_STC4304;105.93;ADELANTADA
RC1_STC4305;152.54;ADELANTADA
RC1_STC4307;254.24;ADELANTADA
RC1_STC4312;50.85;ADELANTADA
RC1_STC4313;67.8;ADELANTADA
RC1_STC4314;93.22;ADELANTADA
RC1_STC4315;77.03;ADELANTADA
RC1_STC4316;84.66;ADELANTADA
RC1_STC4317;97.37;ADELANTADA
RC1_STC4318;110.17;ADELANTADA
RC1_STC4320;42.29;ADELANTADA
RC1_STC4321;55.84;ADELANTADA
RC1_STC4322;33.81;ADELANTADA
RC1_STC4323;36.35;ADELANTADA
RC1_STC4324;42.29;ADELANTADA
RC1_STC4325;46.61;ADELANTADA
RC1_STC4326;46.61;ADELANTADA
RC1_STC4327;63.56;ADELANTADA
RC1_STC4328;80.51;ADELANTADA
RC1_STC4329;16.86;ADELANTADA
RC1_STC4330;21.1;ADELANTADA
RC1_STC4331;33.81;ADELANTADA
RC1_STC4332;36.36;ADELANTADA
RC1_STC4333;23.64;ADELANTADA
RC1_STC4334;0;
RC1_STC4334;255;
RC1_STC4335;150;ADELANTADA
RC1_STC4335;27.88;ADELANTADA
RC1_STC4336;33.9;ADELANTADA
RC1_STC4337;46.61;ADELANTADA
RC1_STC4338;55.84;ADELANTADA
RC1_STC4339;76.18;ADELANTADA
RC1_STC4340;76.18;ADELANTADA
RC1_STC4341;101.61;ADELANTADA
RC1_STC4346;72.03;ADELANTADA
RC1_STC4347;97.37;ADELANTADA
RC1_STC4348;67.8;ADELANTADA
RC1_STC4349;110.17;ADELANTADA
RC1_STC4350;127.12;ADELANTADA
RC1_STC4351;23.64;ADELANTADA
RC1_STC4352;27.88;ADELANTADA
RC1_STC4353;33.81;ADELANTADA
RC1_STC4354;42.29;ADELANTADA
RC1_STC4355;42.29;ADELANTADA
RC1_STC4356;49.07;ADELANTADA
RC1_STC4357;50.76;ADELANTADA
RC1_STC4358;55.84;ADELANTADA
RC1_STC4359;55.84;ADELANTADA
RC1_STC4360;59.32;ADELANTADA
RC1_STC4361;84.66;ADELANTADA
RC1_STC4362;110.17;ADELANTADA
RC1_STC4363;127.12;ADELANTADA
RC1_STC4364;148.3;ADELANTADA
RC1_STC4365;169.49;ADELANTADA
RC1_STC4366;76.27;ADELANTADA
RC1_STC4367;84.74;ADELANTADA
RC1_STC4368;101.61;ADELANTADA
RC1_STC4369;148.3;ADELANTADA
RC1_STC4370;50.76;ADELANTADA
RC1_STC4371;49.07;ADELANTADA
RC1_STC4372;55.84;ADELANTADA
RC1_STC4373;55.84;ADELANTADA
RC1_STC4374;76.18;ADELANTADA
RC1_STC4375;33.81;ADELANTADA
RC1_STC4376;32.11;ADELANTADA
RC1_STC4377;33.9;ADELANTADA
RC1_STC4378;49.07;ADELANTADA
RC1_STC44;0;ADELANTADA
RC1_STC4402;12.71;ADELANTADA
RC1_STC4403;33.9;ADELANTADA
RC1_STC4404;76.27;ADELANTADA
RC1_STC4405;169.49;ADELANTADA
RC1_STC4406;127.12;ADELANTADA
RC1_STC4407;110.08;ADELANTADA
RC1_STC4408;84.74;ADELANTADA
RC1_STC4409;254.24;ADELANTADA
RC1_STC4410;177.97;ADELANTADA
RC1_STC4411;127.12;ADELANTADA
RC1_STC4412;67.8;ADELANTADA
RC1_STC4413;38.13;ADELANTADA
RC1_STC4414;16.02;ADELANTADA
RC1_STC4415;16.02;ADELANTADA
RC1_STC4416;17.71;ADELANTADA
RC1_STC4417;24.58;ADELANTADA
RC1_STC4418;42.37;ADELANTADA
RC1_STC4419;33.05;ADELANTADA
RC1_STC4420;59.32;ADELANTADA
RC1_STC4421;76.27;ADELANTADA
RC1_STC4422;101.69;ADELANTADA
RC1_STC4423;67.71;ADELANTADA
RC1_STC4424;55.84;ADELANTADA
RC1_STC4425;38.13;ADELANTADA
RC1_STC4426;169.4;ADELANTADA
RC1_STC4427;117.8;ADELANTADA
RC1_STC4428;88.89;ADELANTADA
RC1_STC4429;24.58;ADELANTADA
RC1_STC4430;88.89;ADELANTADA
RC1_STC4433;38.9;ADELANTADA
RC1_STC4434;38.9;ADELANTADA
RC1_STC4435;67.79;ADELANTADA
RC1_STC4436;101.61;ADELANTADA
RC1_STC4438;36.35;ADELANTADA
RC1_STC4440;0;ADELANTADA
RC1_STC4441;118.64;ADELANTADA
RC1_STC4442;105.93;ADELANTADA
RC1_STC4443;93.22;ADELANTADA
RC1_STC4444;84.74;ADELANTADA
RC1_STC4445;76.27;ADELANTADA
RC1_STC4446;67.8;ADELANTADA
RC1_STC4447;105.93;ADELANTADA
RC1_STC4448;93.22;ADELANTADA
RC1_STC4449;84.74;ADELANTADA
RC1_STC4450;76.27;ADELANTADA
RC1_STC4451;67.8;ADELANTADA
RC1_STC4452;105.93;ADELANTADA
RC1_STC4453;84.74;ADELANTADA
RC1_STC4454;76.27;ADELANTADA
RC1_STC4455;67.8;ADELANTADA
RC1_STC4456;63.56;ADELANTADA
RC1_STC4457;59.32;ADELANTADA
RC1_STC4458;50.85;ADELANTADA
RC1_STC4459;50.76;ADELANTADA
RC1_STC4460;42.37;ADELANTADA
RC1_STC4461;38.13;ADELANTADA
RC1_STC4462;33.9;ADELANTADA
RC1_STC4463;33.81;ADELANTADA
RC1_STC4464;30.42;ADELANTADA
RC1_STC4465;27.03;ADELANTADA
RC1_STC4466;23.64;ADELANTADA
RC1_STC4467;105.93;ADELANTADA
RC1_STC4468;84.74;ADELANTADA
RC1_STC4469;76.27;ADELANTADA
RC1_STC4470;67.8;ADELANTADA
RC1_STC4471;63.56;ADELANTADA
RC1_STC4472;59.32;ADELANTADA
RC1_STC4473;50.85;ADELANTADA
RC1_STC4474;46.61;ADELANTADA
RC1_STC4475;42.37;ADELANTADA
RC1_STC4476;38.13;ADELANTADA
RC1_STC4477;41.44;ADELANTADA
RC1_STC4478;33.81;ADELANTADA
RC1_STC4479;30.42;ADELANTADA
RC1_STC4480;25.33;ADELANTADA
RC1_STC4481;16.95;ADELANTADA
RC1_STC4482;67.71;ADELANTADA
RC1_STC4483;59.32;ADELANTADA
RC1_STC4484;50.85;ADELANTADA
RC1_STC4485;46.61;ADELANTADA
RC1_STC4486;42.37;ADELANTADA
RC1_STC4487;38.13;ADELANTADA
RC1_STC4488;33.9;ADELANTADA
RC1_STC4489;29.66;ADELANTADA
RC1_STC4490;30.42;ADELANTADA
RC1_STC4491;21.19;ADELANTADA
RC1_STC4492;21.95;ADELANTADA
RC1_STC4493;63.55;ADELANTADA
RC1_STC4494;59.32;ADELANTADA
RC1_STC4495;59.23;ADELANTADA
RC1_STC4496;46.61;ADELANTADA
RC1_STC4497;42.37;ADELANTADA
RC1_STC4498;50.76;ADELANTADA
RC1_STC4499;38.89;ADELANTADA
RC1_STC4500;38.89;ADELANTADA
RC1_STC4501;32.11;ADELANTADA
RC1_STC4502;27.03;ADELANTADA
RC1_STC4503;28.72;ADELANTADA
RC1_STC4507;55.84;ADELANTADA
RC1_STC4508;169.4;ADELANTADA
RC1_STC4509;117.8;ADELANTADA
RC1_STC4510;88.89;ADELANTADA
RC1_STC4511;101.61;ADELANTADA
RC1_STC4511NS;101.61;ADELANTADA
RC1_STC4512;77.03;ADELANTADA
RC1_STC4513;55.84;ADELANTADA
RC1_STC4514;42.29;ADELANTADA
RC1_STC4515;29.66;ADELANTADA
RC1_STC4516;63.56;ADELANTADA
RC1_STC4517;59.32;ADELANTADA
RC1_STC4518;50.85;ADELANTADA
RC1_STC4519;42.37;ADELANTADA
RC1_STC4520;38.14;ADELANTADA
RC1_STC4521;33.9;ADELANTADA
RC1_STC4522;29.66;ADELANTADA
RC1_STC4523;25.42;ADELANTADA
RC1_STC4524;21.19;ADELANTADA
RC1_STC4525;27.03;ADELANTADA
RC1_STC4526;38.89;ADELANTADA
RC1_STC4527;45.84;ADELANTADA
RC1_STC4528;56.69;ADELANTADA
RC1_STC4529;66.01;ADELANTADA
RC1_STC4530;66.94;ADELANTADA
RC1_STC4531;85.5;ADELANTADA
RC1_STC4532;117.8;ADELANTADA
RC1_STC4533;168.64;ADELANTADA
RC1_STC4534;55.84;ADELANTADA
RC1_STC4535;49.07;ADELANTADA
RC1_STC4536;42.29;ADELANTADA
RC1_STC4537;42.29;ADELANTADA
RC1_STC4538;36.35;ADELANTADA
RC1_STC4539;32.11;ADELANTADA
RC1_STC4540;27.03;ADELANTADA
RC1_STC4541;58.47;ADELANTADA
RC1_STC4542;84.74;ADELANTADA
RC1_STC4543;63.55;ADELANTADA
RC1_STC4544;50.85;ADELANTADA
RC1_STC4545;56.69;ADELANTADA
RC1_STC4546;67.8;ADELANTADA
RC1_STC4547;88.98;ADELANTADA
RC1_STC4548;122.88;ADELANTADA
RC1_STC4549;254.23;ADELANTADA
RC1_STC4552;75.42;ADELANTADA
RC1_STC4552;88.89;ADELANTADA
RC1_STC4553;101.61;ADELANTADA
RC1_STC4553;83.9;ADELANTADA
RC1_STC4554;100.85;ADELANTADA
RC1_STC4554;110.08;ADELANTADA
RC1_STC4555;117.8;ADELANTADA
RC1_STC4555;127.03;ADELANTADA
RC1_STC4556;143.22;ADELANTADA
RC1_STC4556;143.98;ADELANTADA
RC1_STC4557;168.64;ADELANTADA
RC1_STC4557;169.4;ADELANTADA
RC1_STC4558;21.19;ADELANTADA
RC1_STC4558;36.35;ADELANTADA
RC1_STC4559;24.58;ADELANTADA
RC1_STC4559;43.98;ADELANTADA
RC1_STC4560;29.66;ADELANTADA
RC1_STC4560;53.3;ADELANTADA
RC1_STC4561;33.05;ADELANTADA
RC1_STC4561;53.3;ADELANTADA
RC1_STC4562;38.13;ADELANTADA
RC1_STC4562;61.77;ADELANTADA
RC1_STC4563;41.52;ADELANTADA
RC1_STC4563;61.77;ADELANTADA
RC1_STC4564;50;ADELANTADA
RC1_STC4564;70.25;ADELANTADA
RC1_STC4565;58.47;ADELANTADA
RC1_STC4565;77.03;ADELANTADA
RC1_STC4566;66.95;ADELANTADA
RC1_STC4566;88.89;ADELANTADA
RC1_STC4567;21.19;ADELANTADA
RC1_STC4567;36.35;ADELANTADA
RC1_STC4568;24.58;ADELANTADA
RC1_STC4568;43.98;ADELANTADA
RC1_STC4569;29.66;ADELANTADA
RC1_STC4569;53.3;ADELANTADA
RC1_STC4570;33.05;ADELANTADA
RC1_STC4570;53.3;ADELANTADA
RC1_STC4571;38.13;ADELANTADA
RC1_STC4571;61.77;ADELANTADA
RC1_STC4572;70.25;ADELANTADA
RC1_STC4573;71.94;ADELANTADA
RC1_STC4574;97.46;ADELANTADA
RC1_STC4575;117.8;ADELANTADA
RC1_STC4576;143.22;ADELANTADA
RC1_STC4577;169.41;ADELANTADA
RC1_STC4579;66.01;ADELANTADA
RC1_STC4580;35.5;ADELANTADA
RC1_STC4581;48.22;ADELANTADA
RC1_STC4582;56.69;ADELANTADA
RC1_STC4583;41.53;ADELANTADA
RC1_STC4584;66.01;ADELANTADA
RC1_STC4585;101.61;ADELANTADA
RC1_STC4587;75.43;ADELANTADA
RC1_STC4588;100.85;ADELANTADA
RC1_STC4589;169.41;ADELANTADA
RC1_STC4590;143.98;ADELANTADA
RC1_STC4591;127.03;ADELANTADA
RC1_STC4592;101.61;ADELANTADA
RC1_STC4593;168.64;ADELANTADA
RC1_STC4594;143.22;ADELANTADA
RC1_STC4595;144.06;ADELANTADA
RC1_STC4596;76.19;ADELANTADA
RC1_STC4597;84.66;ADELANTADA
RC1_STC4598;93.13;ADELANTADA
RC1_STC4599;101.61;ADELANTADA
RC1_STC4600;110.08;ADELANTADA
RC1_STC4601;118.56;ADELANTADA
RC1_STC4602;134.75;ADELANTADA
RC1_STC4603;143.22;ADELANTADA
RC1_STC4604;168.64;ADELANTADA
RC1_STC4605;77.03;ADELANTADA
RC1_STC4606;67.71;ADELANTADA
RC1_STC4607;169.41;ADELANTADA
RC1_STC4608;127.03;ADELANTADA
RC1_STC4609;100.85;ADELANTADA
RC1_STC4610;168.64;ADELANTADA
RC1_STC4611;126.27;ADELANTADA
RC1_STC4612;101.61;ADELANTADA
RC1_STC4613;93.13;ADELANTADA
RC1_STC4614;110.08;ADELANTADA
RC1_STC4615;110.08;ADELANTADA
RC1_STC4616;134.75;ADELANTADA
RC1_STC4617;186.44;ADELANTADA
RC1_STC4618;77.03;ADELANTADA
RC1_STC4619;76.18;ADELANTADA
RC1_STC4620;169.41;ADELANTADA
RC1_STC4621;127.03;ADELANTADA
RC1_STC4622;101.61;ADELANTADA
RC1_STC4623;168.64;ADELANTADA
RC1_STC4624;127.03;ADELANTADA
RC1_STC4626;101.61;ADELANTADA
RC1_STC4628;110.08;ADELANTADA
RC1_STC4629;143.98;ADELANTADA
RC1_STC4630;168.64;ADELANTADA
RC1_STC4631;43.98;ADELANTADA
RC1_STC4632;59.23;ADELANTADA
RC1_STC4636;169.41;ADELANTADA
RC1_STC4637;143.98;ADELANTADA
RC1_STC4638;127.03;ADELANTADA
RC1_STC4639;101.61;ADELANTADA
RC1_STC4640;169.4;ADELANTADA
RC1_STC4641;143.98;ADELANTADA
RC1_STC4642;127.03;ADELANTADA
RC1_STC4643;36.35;ADELANTADA
RC1_STC4644;101.61;ADELANTADA
RC1_STC4645;110.08;ADELANTADA
RC1_STC4646;134.75;ADELANTADA
RC1_STC4648;25.42;ADELANTADA
RC1_STC4649;50.85;ADELANTADA
RC1_STC4650;84.75;ADELANTADA
RC1_STC4651;220.34;ADELANTADA
RC1_STC4652;152.54;ADELANTADA
RC1_STC4653;56.69;ADELANTADA
RC1_STC4654;38.13;ADELANTADA
RC1_STC4655;44.83;ADELANTADA
RC1_STC4656;29.66;ADELANTADA
RC1_STC4657;38.89;ADELANTADA
RC1_STC4658;70.25;ADELANTADA
RC1_STC4659;169.41;ADELANTADA
RC1_STC4660;118.56;ADELANTADA
RC1_STC4661;109.32;ADELANTADA
RC1_STC4662;98.22;ADELANTADA
RC1_STC4663;85.5;ADELANTADA
RC1_STC4664;75.42;ADELANTADA
RC1_STC4665;71.94;ADELANTADA
RC1_STC4666;70.25;ADELANTADA
RC1_STC4667;56.69;ADELANTADA
RC1_STC4668;38.14;ADELANTADA
RC1_STC4669;48.22;ADELANTADA
RC1_STC4670;29.66;ADELANTADA
RC1_STC4671;38.89;ADELANTADA
RC1_STC4672;21.19;ADELANTADA
RC1_STC4673;16.95;ADELANTADA
RC1_STC4674;59.24;ADELANTADA
RC1_STC4675;5.08;ADELANTADA
RC1_STC4676;6.78;ADELANTADA
RC1_STC4677;8.47;ADELANTADA
RC1_STC4678;31.27;ADELANTADA
RC1_STC4679;4.24;ADELANTADA
RC1_STC4680;143.98;ADELANTADA
RC1_STC4681;127.03;ADELANTADA
RC1_STC4689;21.18;ADELANTADA
RC1_STC4690;25.42;ADELANTADA
RC1_STC4691;50.85;ADELANTADA
RC1_STC4692;80.5;ADELANTADA
RC1_STC4693;101.69;ADELANTADA
RC1_STC4694;126.27;ADELANTADA
RC1_STC481;42.29;ADELANTADA
RC1_STC482;49.07;ADELANTADA
RC1_STC485;27.88;ADELANTADA
RC1_STC487;55.84;ADELANTADA
RC1_STC510;0;ADELANTADA
RC1_STC519;0;ADELANTADA
RC1_STC580;0;ADELANTADA
RC1_STC590;48.36;ADELANTADA
RC1_STC595;27.63;ADELANTADA
RC1_STC606;33.81;ADELANTADA
RC1_STC609;38.9;ADELANTADA
RC1_STC645;0;ADELANTADA
RC1_STC677;88.89;ADELANTADA
RC1_STC678;103.65;ADELANTADA
RC1_STC680;126.68;ADELANTADA
RC1_STC681;169.4;ADELANTADA
RC1_STC690;48.36;ADELANTADA
RC1_STC691;59.87;ADELANTADA
RC1_STC699;34.54;ADELANTADA
RC1_STC709;0;ADELANTADA
RC1_STC711;27.41;ADELANTADA
RC1_STC729;0;ADELANTADA
RC1_STC731;27.63;ADELANTADA
RC1_STC752;55.84;ADELANTADA
RC1_STC759;320.23;ADELANTADA
RC1_STC760;458.46;ADELANTADA
RC1_STC762;76.18;ADELANTADA
RC1_STC763;89.81;ADELANTADA
RC1_STC764;112.86;ADELANTADA
RC1_STC765;143.98;ADELANTADA
RC1_STC766;169.4;ADELANTADA
RC1_STC780;42.29;ADELANTADA
RC1_STC781;37.63;ADELANTADA
RC1_STC782;38.9;ADELANTADA
RC1_STC783;77.03;ADELANTADA
RC1_STC794;69.08;ADELANTADA
RC1_STC796;34.54;ADELANTADA
RC1_STC836;49.07;ADELANTADA
RC1_STC856;27.88;ADELANTADA
RC1_STC862;169.41;ADELANTADA
RC1_STC865;55.26;ADELANTADA
RC1_STC870;27.63;ADELANTADA
RC1_STC920;36.87;ADELANTADA
RC1_STC926;69.08;ADELANTADA
RC1_STC943;55.84;ADELANTADA
RC1_STC956;0;ADELANTADA
RC1_STC970;254.15;ADELANTADA
RC1_STC974;0;ADELANTADA
RC1_STC977;69.08;ADELANTADA
RC1_STC978;31.52;ADELANTADA
RC1_STC979;32.89;ADELANTADA
RC1_STC980;254.15;ADELANTADA
RC1_STC989;0;ADELANTADA
RC1_STC994;41.45;ADELANTADA
RC1_STC995;41.45;ADELANTADA
RC1_STCPO4552;88.89;ADELANTADA
RC1_STCPO4553;101.61;ADELANTADA
RC1_STCPO4554;110.08;ADELANTADA
RC1_STCPO4555;127.03;ADELANTADA
RC1_STCPO4557;169.4;ADELANTADA
RC1_STCPO4559;36.35;ADELANTADA
RC1_STCPO4560;50.76;ADELANTADA
RC1_STCPO4561;53.3;ADELANTADA
RC1_STCPO4562;44.83;ADELANTADA
RC1_STCPO4563;61.77;ADELANTADA
RC1_STCPO4564;70.25;ADELANTADA
RC1_STCPO4565;77.03;ADELANTADA
RC1_STCPO4566;88.89;ADELANTADA
RC1_STCPO4568;43.98;ADELANTADA
RC1_STCPO4569;44.83;ADELANTADA
RC1_STCPO4570;50.76;ADELANTADA
RC1_STCPO4571;50.76;ADELANTADA
RC1_STCPO4590;143.98;ADELANTADA
RC1_STCPO4596;76.18;ADELANTADA
RC1_STCPO4601;127.03;ADELANTADA
RC1_STCPO4637;143.98;ADELANTADA
RC1_STCPO4674;55.84;ADELANTADA
RC1_STCVE4601;67.71;VENCIDA
RC1B_STC1543;235.28;ADELANTADA
RC1B_STC1544;35.31;ADELANTADA
RC1B_STC1660;57.59;ADELANTADA
RC1B_STC1661;76.02;ADELANTADA
RC1B_STC1663;154.24;ADELANTADA
RC1B_STC1666;101.35;ADELANTADA
RC1B_STC1667;122.1;ADELANTADA
RC1B_STC1669;66.78;ADELANTADA
RC1B_STC1672;131.29;ADELANTADA
RC1B_STC1679;92.14;ADELANTADA
RC1B_STC1685;103.68;ADELANTADA
RC1B_STC1691;89.86;ADELANTADA
RC1B_STC1693;74.31;ADELANTADA
RC1B_STC1770;0;ADELANTADA
RC1B_STC1900;73.74;ADELANTADA
RC1B_STC1984;103.65;ADELANTADA
RC1B_STC1985;80.62;ADELANTADA
RC1B_STC2008;61.02;ADELANTADA
RC1B_STC2009;57.59;ADELANTADA
RC1B_STC2151;120.34;ADELANTADA
RC1B_STC2152;154.24;ADELANTADA
RC1B_STC2258;57.57;ADELANTADA
RC1B_STC2259;46.05;ADELANTADA
RC1B_STC2313;94.92;ADELANTADA
RC1B_STC2327;69.11;ADELANTADA
RC1B_STC2354;57.59;ADELANTADA
RC1B_STC2487;69.11;ADELANTADA
RC1B_STC2520;59.9;ADELANTADA
RC1B_STC2546;58.47;ADELANTADA
RC1B_STC2549;108.4;ADELANTADA
RC1B_STC2552;120.34;ADELANTADA
RC1B_STC2553;154.24;ADELANTADA
RC1B_STC2622;74.79;ADELANTADA
RC1B_STC2745;83.9;ADELANTADA
RC1B_STC2852;59.32;ADELANTADA
RC1B_STC2933;63.03;ADELANTADA
RC1B_STC2934;74.79;ADELANTADA
RC1B_STC2935;50;ADELANTADA
RC1B_STC2978;100.85;ADELANTADA
RC1B_STC2980;111.86;ADELANTADA
RC1B_STC2983;58.47;ADELANTADA
RC1B_STC2984;41.53;ADELANTADA
RC1B_STC2985;25.42;ADELANTADA
RC1B_STC2987;41.53;ADELANTADA
RC1B_STC3020;58.48;ADELANTADA
RC1B_STC3103;660.8;ADELANTADA
RC1B_STC3201;33.05;ADELANTADA
RC1B_STC3273;50;ADELANTADA
RC1B_STC3274;66.95;ADELANTADA
RC1B_STC3275;83.9;ADELANTADA
RC1B_STC3276;100.85;ADELANTADA
RC1B_STC3277;62.71;ADELANTADA
RC1B_STC3278;74.58;ADELANTADA
RC1B_STC3279;97.46;ADELANTADA
RC1B_STC3280;66.95;ADELANTADA
RC1B_STC3281;83.9;ADELANTADA
RC1B_STC3316;0;ADELANTADA
RC1B_STC3317;0;ADELANTADA
RC1B_STC3318;0;ADELANTADA
RC1B_STC3319;0;ADELANTADA
RC1B_STC3357;66.94;ADELANTADA
RC1B_STC3815;0;ADELANTADA
RC1B_STC3816;0;ADELANTADA
RC1B_STC3817;0;ADELANTADA
RC1B_STC3818;0;ADELANTADA
RC1B_STC3881;50;ADELANTADA
RC1B_STC3882;66.95;ADELANTADA
RC1B_STC3883;83.9;ADELANTADA
RC1B_STC3884;100.85;ADELANTADA
RC1B_STC3885;50;ADELANTADA
RC1B_STC3888;100.85;ADELANTADA
RC1B_STC3889;0;ADELANTADA
RC1B_STC3890;0;ADELANTADA
RC1B_STC3891;0;ADELANTADA
RC1B_STC3892;0;ADELANTADA
RC1B_STC3893;0;ADELANTADA
RC1B_STC3894;0;ADELANTADA
RC1B_STC3998;53.5;ADELANTADA
RC1B_STC4055;16.95;ADELANTADA
RC1B_STC4056;25.43;ADELANTADA
RC1B_STC4116;25.42;ADELANTADA
RC1B_STC4118;38.13;ADELANTADA
RC1B_STC4119;76.27;ADELANTADA
RC1B_STC4120;152.54;ADELANTADA
RC1B_STC4121;0;ADELANTADA
RC1B_STC4122;0;ADELANTADA
RC1B_STC4123;0;ADELANTADA
RC1B_STC4124;0;ADELANTADA
RC1B_STC4126;67.79;ADELANTADA
RC1B_STC4127;101.69;ADELANTADA
RC1B_STC4128;135.59;ADELANTADA
RC1B_STC4190;38.14;ADELANTADA
RC1B_STC4191;76.27;ADELANTADA
RC1B_STC4192;152.54;ADELANTADA
RC1B_STC4193;105.93;ADELANTADA
RC1B_STC48;0;ADELANTADA
RC1B_STC9973;66.95;ADELANTADA
RC1B_STC9974;100.85;ADELANTADA
RC1B_STC9976;100.85;ADELANTADA
RC1E_STC11;1000;ADELANTADA
RC1E_STC11;71.96;ADELANTADA
RC1E_STC11;800;ADELANTADA
RC1E_STC118;82.24;ADELANTADA
RC1E_STC120;82.24;ADELANTADA
RC1E_STC145;34.54;ADELANTADA
RC1E_STC148;62.17;ADELANTADA
RC1E_STC150;76.02;ADELANTADA
RC1E_STC158;69.08;ADELANTADA
RC1E_STC17;83.61;ADELANTADA
RC1E_STC2;6.93;ADELANTADA
RC1E_STC21;232.31;ADELANTADA
RC1E_STC214;39.14;ADELANTADA
RC1E_STC224;66.78;ADELANTADA
RC1E_STC239;44.83;ADELANTADA
RC1E_STC241;52.96;ADELANTADA
RC1E_STC242;77.03;ADELANTADA
RC1E_STC244;88.89;ADELANTADA
RC1E_STC245;99.05;ADELANTADA
RC1E_STC249;122.07;ADELANTADA
RC1E_STC25;106.83;ADELANTADA
RC1E_STC250;168.16;ADELANTADA
RC1E_STC253;234.97;ADELANTADA
RC1E_STC287;418.18;ADELANTADA
RC1E_STC3;11.59;ADELANTADA
RC1E_STC310;22.78;ADELANTADA
RC1E_STC320;48.77;ADELANTADA
RC1E_STC335;32.51;ADELANTADA
RC1E_STC37;278.78;ADELANTADA
RC1E_STC43;60.36;ADELANTADA
RC1E_STC45;0;ADELANTADA
RC1E_STC580;0;ADELANTADA
RC1E_STC96;60.36;ADELANTADA
RC1E_STC98;83.61;ADELANTADA
RC1M_STC1180;50;ADELANTADA
RCCOR_001;5;
RCCOR_002;100;
RCCOR_003;20;
RCCOR_004;22;
RCCOR_005;16.95;
RCCOR_006;16.94;
RCCOR_007;4.23;
RCCOR_008;2.96;
RCCOR_009;15;
RCCOR_010;100;
RCCOR_011;3;
RCCOR_012;14;
RCCOR_013;1;
RCCOR_014;13;
RCCOR_015;33;
RCCOR_016;50;
RCCOR_017;76;
RCCOR_018;10;
RCCOR_019;18;
RCCOR_020;4;
RCCOR_021;100;
RCCOR_022;100;
RCCOR_023;100;
RCCOR_024;100;
RCCOR_025;200;
RCCOR_026;100;
RCCOR_027;100;
RCCOR_028;42.37;
RCCOR_029;16.95;
RCCOR_030;13.55;
RCCOR_031;38.14;
RCCOR_032;1.69;
RCCOR_033;27.72;
RCCOR_034;21.19;
RCCOR_035;21.18;
RCCOR_036;33.9;
RCCOR_037;16.94;
RCCOR_038;4.24;
RCCOR_039;12.71;
RCCOR_040;30.49;
RCCOR_041;8.47;
RCCOR_042;27.63;
RCCOR_043;18.64;
RCCOR_044;12.71;
RCCOR_045;25.42;
RCCOR_046;26.33;
RCCOR_047;29.66;
RCCOR_048;15.25;
RCCOR_049;9.24;
RCCOR_050;1000;
RCCOR_051;28.81;
RCCOR_052;37.29;
RCCOR_053;19.49;
RCCOR_054;27.97;
RCCOR_055;5;
RCCOR_056;5.5;
RCCOR_057;6;
RCCOR_058;6.5;
RCCOR_059;7;
RCCOR_060;4.8;
RCCOR_061;12.2;
RCCOR_062;17.45;
RCCOR_063;9;
RCCOR_064;19.1;
RCCOR_065;10;
RCCOR_066;16.95;
RCCOR_067;25.42;
RCCOR_068;16;
RCCOR_069;10;
RCCOR_070;9;
RCCOR_071;8;
RCCOR_072;7;
RCCOR_073;6;
RCCOR_074;5;
RCCOR_075;18.64;
RCCOR_076;5.93;
RCCOR_077;12.71;
RCCOR_078;10.75;
RCCOR_079;10.75;
RCCOR_080;13.56;
RCCOR_081;4.24;
RCCOR_082;5.93;
RCCOR_083;8.47;
RCCOR_084;12.71;
RCCOR_085;16.95;
RCCOR_086;21.19;
RCCOR_087;25.42;
RCCOR_088;29.66;
RCCOR_089;33.9;
RCCOR_090;42.37;
RCCOR_091;50.85;
RCCOR_092;59.32;
RCCOR_093;67.79;
RCCOR_094;76.27;
RCCOR_095;84.74;
RCCOR_096;93.22;
RCCOR_097;8.47;
RCCOR_098;9.32;
RCCOR_099;11.02;
RCCOR_100;16.1;
RCCOR_101;5.93;
RCCOR_102;12.71;
RCCOR_103;18.64;
RCD_BONPAQCO01;100;
RCD_BONPAQCO02;100;
RCD_BONPAQCO03;100;
RCD_BONPAQCO04;100;
RCD_BONPAQCO05;100;
RCD_BONPAQCO06;100;
RCD_BONPAQCO07;100;
RCD_BONPAQCO08;100;
RCD_BONPAQCO09;100;
RCD_BONPAQCO10;100;
RCD_BONPAQCO11;100;
RCD_BONPAQCO12;100;
RCD_BONPAQCO13;100;
RCD_BONPAQCO14;100;
RCD_BONPAQCO15;100;
RCD_BONPAQCO16;100;
RCD_BONPAQCO17;100;
RCD_BONPAQCO18;100;
RCD_BONPAQCO19;100;
RCD_BONPAQCO20;100;
RCD_BONPAQCO21;100;
RCD_BONPAQCO22;100;
RCD_BONPAQCO23;100;
RCD_BONPAQCO24;100;
RCD_BONPAQCO25;100;
RCD_BONPAQCO26;100;
RCD_BONPAQCO27;100;
RCD_BONPAQCO28;100;
RCD_BONPAQCO29;100;
RCD_BONPAQCO30;100;
RCD_BONPAQCO31;100;
RCD_BONPAQCO32;100;
RCD_BONPAQCO33;100;
RCD_BONPAQCO34;100;
RCD_BONPAQCO35;100;
RCD_BONPAQCO36;100;
RCD_BONPAQCO37;100;
RCD_BONPAQCO38;100;
RCD_BONPAQCO39;100;
RCD_BONPAQCO40;100;
RCD_BONPAQCO41;100;
RCD_BONPAQCO42;100;
RCD_BONPAQCO43;100;
RCD_BONPAQCO44;100;
RCD_BONPAQCO45;100;
RCD_BONPAQCO46;100;
RCD_BONPAQCO47;100;
RCD_BONPAQNE01;100;
RCD_BONPAQNE02;100;
RCD_BONPAQNE03;100;
RCD_BONPAQNE04;100;
RCD_BONPAQNE05;100;
RCD_BONPAQNE06;100;
RCD_BONPAQNE07;100;
RCD_BONPAQNE08;100;
RCD_BONPAQNE09;100;
RCD_BONPAQNE10;100;
RCD_BONPAQNE11;100;
RCD_BONPAQNE12;100;
RCD_BONPAQNE13;100;
RCD_BONPAQNE14;100;
RCD_BONPAQNE15;100;
RCD_BONPAQNE16;100;
RCD_BONPAQNE17;100;
RCD_BONPAQNE18;100;
RCD_BONPAQNE19;100;
RCD_BONPAQNE20;100;
RCD_BONPAQNE21;100;
RCD_BONPAQNE22;100;
RCD_BONPAQNE23;100;
RCD_BONPAQNE24;100;
RCD_BONPAQNE25;100;
RCD_BONPAQNE26;100;
RCD_BONPAQNE27;100;
RCD_BONPAQNE28;100;
RCD_BONPAQNE29;100;
RCD_BONPAQNE30;100;
RCD_BONPAQNE31;100;
RCD_BONPAQNE32;100;
RCD_BONPAQNE33;100;
RCD_BONPAQNE34;100;
RCD_BONPAQNE35;100;
RCD_BONPAQNE36;100;
RCD_BONPAQNE37;100;
RCD_BONPAQNE38;100;
RCD_BONPAQNE39;100;
RCD_BONPAQNE40;100;
RCD_BONPAQNE41;100;
RCD_BONPAQNE42;100;
RCD_BONPAQNE43;100;
RCD_BONPAQNE44;100;
RCD_BONPAQNE45;100;
RCD_BONPAQNE46;100;
RCD_BONPAQNE47;100;
RCD_BONPAQNE48;100;
RCD_BONPAQNE49;100;
RCD_BONPAQNE50;100;
RCD_BONPAQNE51;100;
RCD_BONPAQNE52;100;
RCD_BONPAQNE53;100;
RCD_BONPAQNE54;100;
RCD_BONPAQNE55;100;
RCD_BONPAQNE56;100;
RCD_BONPAQNE57;100;
RCD_BONPAQNE58;100;
RCD_BONPAQNE59;100;
RCD_BONPAQNE60;100;
RCD_BONPAQNE61;100;
RCD_BONPAQNE62;100;
RCD_BONPAQNE63;100;
RCD_BONPAQNE64;100;
RCD_BONPAQNE65;100;
RCD_BONPAQNE66;100;
RCD_BONPAQNE67;100;
RCD_BONPAQNE68;100;
RCD_BONPAQNE69;100;
RCD_BONPAQNE70;100;
RCD_BONPAQNE71;100;
RCD_BONPAQNE72;100;
RCD_BONPAQNE73;100;
RCD_BONPAQNE74;100;
RCD_BONPAQNE75;100;
RCD_BONPAQNE76;100;
RCD_BONPAQRE01;100;
RCD_BONPAQRE02;100;
RCD_BONPAQRE03;100;
RCD_BONPAQRE04;100;
RCD_BONPAQRE05;100;
RCD_BONPAQRE06;100;
RCD_BONPAQRE07;100;
RCD_BONPAQRE08;100;
RCD_BONPAQRE09;100;
RCD_BONPAQRE10;100;
RCD_BONPAQRE100;100;
RCD_BONPAQRE101;100;
RCD_BONPAQRE102;100;
RCD_BONPAQRE103;100;
RCD_BONPAQRE104;100;
RCD_BONPAQRE105;100;
RCD_BONPAQRE106;100;
RCD_BONPAQRE107;100;
RCD_BONPAQRE108;100;
RCD_BONPAQRE109;100;
RCD_BONPAQRE11;100;
RCD_BONPAQRE110;100;
RCD_BONPAQRE111;100;
RCD_BONPAQRE112;100;
RCD_BONPAQRE113;100;
RCD_BONPAQRE114;100;
RCD_BONPAQRE115;100;
RCD_BONPAQRE116;100;
RCD_BONPAQRE117;100;
RCD_BONPAQRE118;100;
RCD_BONPAQRE119;100;
RCD_BONPAQRE12;100;
RCD_BONPAQRE120;100;
RCD_BONPAQRE121;100;
RCD_BONPAQRE122;100;
RCD_BONPAQRE123;100;
RCD_BONPAQRE124;100;
RCD_BONPAQRE125;100;
RCD_BONPAQRE126;100;
RCD_BONPAQRE127;100;
RCD_BONPAQRE128;100;
RCD_BONPAQRE129;100;
RCD_BONPAQRE13;100;
RCD_BONPAQRE130;100;
RCD_BONPAQRE131;100;
RCD_BONPAQRE132;100;
RCD_BONPAQRE133;100;
RCD_BONPAQRE134;100;
RCD_BONPAQRE135;100;
RCD_BONPAQRE136;100;
RCD_BONPAQRE137;100;
RCD_BONPAQRE138;100;
RCD_BONPAQRE139;100;
RCD_BONPAQRE14;100;
RCD_BONPAQRE140;100;
RCD_BONPAQRE141;100;
RCD_BONPAQRE142;100;
RCD_BONPAQRE143;100;
RCD_BONPAQRE144;100;
RCD_BONPAQRE145;100;
RCD_BONPAQRE146;100;
RCD_BONPAQRE147;100;
RCD_BONPAQRE148;100;
RCD_BONPAQRE149;100;
RCD_BONPAQRE15;100;
RCD_BONPAQRE150;100;
RCD_BONPAQRE151;100;
RCD_BONPAQRE152;100;
RCD_BONPAQRE153;100;
RCD_BONPAQRE154;100;
RCD_BONPAQRE155;100;
RCD_BONPAQRE156;100;
RCD_BONPAQRE157;100;
RCD_BONPAQRE158;100;
RCD_BONPAQRE159;100;
RCD_BONPAQRE16;100;
RCD_BONPAQRE160;100;
RCD_BONPAQRE161;100;
RCD_BONPAQRE162;100;
RCD_BONPAQRE163;100;
RCD_BONPAQRE164;100;
RCD_BONPAQRE165;100;
RCD_BONPAQRE166;100;
RCD_BONPAQRE167;100;
RCD_BONPAQRE168;100;
RCD_BONPAQRE169;100;
RCD_BONPAQRE17;100;
RCD_BONPAQRE170;100;
RCD_BONPAQRE171;100;
RCD_BONPAQRE172;100;
RCD_BONPAQRE173;100;
RCD_BONPAQRE174;100;
RCD_BONPAQRE175;100;
RCD_BONPAQRE176;100;
RCD_BONPAQRE177;100;
RCD_BONPAQRE178;100;
RCD_BONPAQRE179;100;
RCD_BONPAQRE18;100;
RCD_BONPAQRE180;100;
RCD_BONPAQRE181;100;
RCD_BONPAQRE182;100;
RCD_BONPAQRE183;100;
RCD_BONPAQRE184;100;
RCD_BONPAQRE185;100;
RCD_BONPAQRE186;100;
RCD_BONPAQRE187;100;
RCD_BONPAQRE188;100;
RCD_BONPAQRE189;100;
RCD_BONPAQRE19;100;
RCD_BONPAQRE190;100;
RCD_BONPAQRE191;100;
RCD_BONPAQRE192;100;
RCD_BONPAQRE193;100;
RCD_BONPAQRE194;100;
RCD_BONPAQRE195;100;
RCD_BONPAQRE196;100;
RCD_BONPAQRE197;100;
RCD_BONPAQRE198;100;
RCD_BONPAQRE199;100;
RCD_BONPAQRE20;100;
RCD_BONPAQRE200;100;
RCD_BONPAQRE201;100;
RCD_BONPAQRE202;100;
RCD_BONPAQRE203;100;
RCD_BONPAQRE204;100;
RCD_BONPAQRE205;100;
RCD_BONPAQRE206;100;
RCD_BONPAQRE207;100;
RCD_BONPAQRE208;100;
RCD_BONPAQRE209;100;
RCD_BONPAQRE21;100;
RCD_BONPAQRE210;100;
RCD_BONPAQRE211;100;
RCD_BONPAQRE212;100;
RCD_BONPAQRE213;100;
RCD_BONPAQRE214;100;
RCD_BONPAQRE215;100;
RCD_BONPAQRE216;100;
RCD_BONPAQRE217;100;
RCD_BONPAQRE218;100;
RCD_BONPAQRE219;100;
RCD_BONPAQRE22;100;
RCD_BONPAQRE220;100;
RCD_BONPAQRE221;100;
RCD_BONPAQRE222;100;
RCD_BONPAQRE223;100;
RCD_BONPAQRE224;100;
RCD_BONPAQRE225;100;
RCD_BONPAQRE226;100;
RCD_BONPAQRE227;100;
RCD_BONPAQRE228;100;
RCD_BONPAQRE229;100;
RCD_BONPAQRE23;100;
RCD_BONPAQRE230;100;
RCD_BONPAQRE231;100;
RCD_BONPAQRE232;100;
RCD_BONPAQRE233;100;
RCD_BONPAQRE24;100;
RCD_BONPAQRE25;100;
RCD_BONPAQRE26;100;
RCD_BONPAQRE27;100;
RCD_BONPAQRE28;100;
RCD_BONPAQRE29;100;
RCD_BONPAQRE30;100;
RCD_BONPAQRE31;100;
RCD_BONPAQRE32;100;
RCD_BONPAQRE33;100;
RCD_BONPAQRE34;100;
RCD_BONPAQRE35;100;
RCD_BONPAQRE36;100;
RCD_BONPAQRE37;100;
RCD_BONPAQRE38;100;
RCD_BONPAQRE39;100;
RCD_BONPAQRE40;100;
RCD_BONPAQRE41;100;
RCD_BONPAQRE42;100;
RCD_BONPAQRE43;100;
RCD_BONPAQRE44;100;
RCD_BONPAQRE45;100;
RCD_BONPAQRE46;100;
RCD_BONPAQRE47;100;
RCD_BONPAQRE48;100;
RCD_BONPAQRE49;100;
RCD_BONPAQRE50;100;
RCD_BONPAQRE51;100;
RCD_BONPAQRE52;100;
RCD_BONPAQRE53;100;
RCD_BONPAQRE54;100;
RCD_BONPAQRE55;100;
RCD_BONPAQRE56;100;
RCD_BONPAQRE57;100;
RCD_BONPAQRE58;100;
RCD_BONPAQRE59;100;
RCD_BONPAQRE60;100;
RCD_BONPAQRE61;100;
RCD_BONPAQRE62;100;
RCD_BONPAQRE63;100;
RCD_BONPAQRE64;100;
RCD_BONPAQRE65;100;
RCD_BONPAQRE66;100;
RCD_BONPAQRE67;100;
RCD_BONPAQRE68;100;
RCD_BONPAQRE69;100;
RCD_BONPAQRE70;100;
RCD_BONPAQRE71;100;
RCD_BONPAQRE72;100;
RCD_BONPAQRE73;100;
RCD_BONPAQRE74;100;
RCD_BONPAQRE75;100;
RCD_BONPAQRE76;100;
RCD_BONPAQRE77;100;
RCD_BONPAQRE78;100;
RCD_BONPAQRE79;100;
RCD_BONPAQRE80;100;
RCD_BONPAQRE81;100;
RCD_BONPAQRE82;100;
RCD_BONPAQRE83;100;
RCD_BONPAQRE84;100;
RCD_BONPAQRE85;100;
RCD_BONPAQRE86;100;
RCD_BONPAQRE87;100;
RCD_BONPAQRE88;100;
RCD_BONPAQRE89;100;
RCD_BONPAQRE90;100;
RCD_BONPAQRE91;100;
RCD_BONPAQRE92;100;
RCD_BONPAQRE93;100;
RCD_BONPAQRE94;100;
RCD_BONPAQRE95;100;
RCD_BONPAQRE96;100;
RCD_BONPAQRE97;100;
RCD_BONPAQRE98;100;
RCD_BONPAQRE99;100;
RCD_DESCO01;10;
RCD_DESCO02;15;
RCD_DESCO03;20;
RCD_DESCO04;25;
RCD_DESCO05;25;
RCD_DESCO06;25;
RCD_DESCO07;25;
RCD_DESCO08;30;
RCD_DESCO09;35;
RCD_DESCO10;40;
RCD_DESCO11;45;
RCD_DESCO12;45;
RCD_DESCO13;45;
RCD_DESCO14;45;
RCD_DESCO15;50;
RCD_DESCO16;55;
RCD_DESCO17;55;
RCD_DESCO18;55;
RCD_DESCO19;55;
RCD_DESCO20;60;
RCD_DESCO21;60;
RCD_DESCO22;60;
RCD_DESCO23;60;
RCD_DESCO24;10;
RCD_DESCO25;10;
RCD_DESCO26;15;
RCD_DESCO27;15;
RCD_DESCO28;20;
RCD_DESCO29;20;
RCD_DESCO30;25;
RCD_DESCO31;25;
RCD_DESCO32;30;
RCD_DESCO33;30;
RCD_DESCO34;35;
RCD_DESCO35;35;
RCD_DESCO36;40;
RCD_DESCO37;40;
RCD_DESCO38;45;
RCD_DESCO39;45;
RCD_DESCO40;50;
RCD_DESCO41;50;
RCD_DESCO42;55;
RCD_DESCO43;55;
RCD_DESCO44;60;
RCD_DESCO45;60;
RCD_DESCO46;1.69;
RCD_DESCO47;1.69;
RCD_DESCO48;1.69;
RCD_DESCO49;1.69;
RCD_DESCO50;1.69;
RCD_DESCO51;1.69;
RCD_DESCO52;1.69;
RCD_DESCO53;1.69;
RCD_DESCO54;1.69;
RCD_DESCO55;1.69;
RCD_DESCO56;1.69;
RCD_DESCO57;1.69;
RCD_DESCO58;1.69;
RCD_DESCO59;1.69;
RCD_DESCO60;1.69;
RCD_DESCO61;1.69;
RCD_DESCO62;1.69;
RCD_DESCO63;1.69;
RCD_DESCO64;2.54;
RCD_DESCO65;2.54;
RCD_DESCO66;2.54;
RCD_DESCO67;2.54;
RCD_DESCO68;2.54;
RCD_DESCO69;2.54;
RCD_DESCO70;2.54;
RCD_DESCO71;2.54;
RCD_DESCO72;2.54;
RCD_DESCO73;2.54;
RCD_DESCO74;2.54;
RCD_DESCO75;2.54;
RCD_DESCO76;2.54;
RCD_DESCO77;2.54;
RCD_DESCO78;2.54;
RCD_DESCO79;2.54;
RCD_DESCO80;2.54;
RCD_DESCO81;2.54;
RCD_DESNE01;20;
RCD_DESNE02;30;
RCD_DESNE03;50;
RCD_DESNE04;20;
RCD_DESNE05;30;
RCD_DESNE06;50;
RCD_DESNE07;20;
RCD_DESNE08;30;
RCD_DESNE09;50;
RCD_DESNE10;100;
RCD_DESNE11;20;
RCD_DESNE12;30;
RCD_DESNE13;50;
RCD_DESNE14;100;
RCD_DESNE15;20;
RCD_DESNE16;30;
RCD_DESNE17;50;
RCD_DESNE18;20;
RCD_DESNE19;30;
RCD_DESNE20;50;
RCD_DESNE21;70;
RCD_DESNE22;75;
RCD_DESNE23;75;
RCD_DESNE24;75;
RCD_DESNE25;80;
RCD_DESNE26;80;
RCD_DESNE27;80;
RCD_DESNE28;85;
RCD_DESNE29;85;
RCD_DESNE30;85;
RCD_DESNE31;90;
RCD_DESNE32;90;
RCD_DESNE33;90;
RCD_DESNE34;1.69;
RCD_DESNE35;2.54;
RCD_DESNE36;3.39;
RCD_DESRE01;50;
RCD_DESRE02;50;
RCD_DESRE03;50;
RCD_DESRE04;50;
RCD_DESRE05;50;
RCD_DESRE06;16.95;
RCD_DESRE07;100;
RCD_DESRE08;10.1;
RCD_DESRE09;20;
RCD_DESRE10;30;
RCD_DESRE100;35;
RCD_DESRE101;40;
RCD_DESRE102;40;
RCD_DESRE103;50;
RCD_DESRE104;50;
RCD_DESRE105;70;
RCD_DESRE106;70;
RCD_DESRE107;20;
RCD_DESRE108;50;
RCD_DESRE109;1.69;
RCD_DESRE11;40;
RCD_DESRE110;2.54;
RCD_DESRE111;3.39;
RCD_DESRE112;24.58;
RCD_DESRE113;4.23;
RCD_DESRE114;1.69;
RCD_DESRE115;2.54;
RCD_DESRE116;30;
RCD_DESRE117;40;
RCD_DESRE118;1.69;
RCD_DESRE119;2.54;
RCD_DESRE12;50;
RCD_DESRE120;3.39;
RCD_DESRE121;4.24;
RCD_DESRE122;5.08;
RCD_DESRE123;20;
RCD_DESRE126;100;
RCD_DESRE127;1.69;
RCD_DESRE128;2.54;
RCD_DESRE129;3.39;
RCD_DESRE13;60;
RCD_DESRE130;4.24;
RCD_DESRE131;5.08;
RCD_DESRE132;6.78;
RCD_DESRE133;8.47;
RCD_DESRE134;1.69;
RCD_DESRE135;1.69;
RCD_DESRE136;1.69;
RCD_DESRE137;1.69;
RCD_DESRE138;1.69;
RCD_DESRE139;1.69;
RCD_DESRE14;70;
RCD_DESRE140;1.69;
RCD_DESRE141;1.69;
RCD_DESRE142;1.69;
RCD_DESRE143;1.69;
RCD_DESRE144;1.69;
RCD_DESRE145;1.69;
RCD_DESRE146;1.69;
RCD_DESRE147;1.69;
RCD_DESRE148;1.69;
RCD_DESRE149;1.69;
RCD_DESRE15;80;
RCD_DESRE150;1.69;
RCD_DESRE151;1.69;
RCD_DESRE152;2.54;
RCD_DESRE153;2.54;
RCD_DESRE154;2.54;
RCD_DESRE155;2.54;
RCD_DESRE156;2.54;
RCD_DESRE157;2.54;
RCD_DESRE158;2.54;
RCD_DESRE159;2.54;
RCD_DESRE16;90;
RCD_DESRE160;2.54;
RCD_DESRE161;2.54;
RCD_DESRE162;2.54;
RCD_DESRE163;2.54;
RCD_DESRE164;2.54;
RCD_DESRE165;2.54;
RCD_DESRE166;2.54;
RCD_DESRE167;2.54;
RCD_DESRE168;2.54;
RCD_DESRE169;2.54;
RCD_DESRE17;20;
RCD_DESRE170;1.69;
RCD_DESRE171;1.69;
RCD_DESRE172;2.54;
RCD_DESRE173;2.54;
RCD_DESRE174;2.54;
RCD_DESRE175;1.69;
RCD_DESRE176;50;
RCD_DESRE177;50;
RCD_DESRE178;50;
RCD_DESRE179;50;
RCD_DESRE18;30;
RCD_DESRE180;20;
RCD_DESRE181;20;
RCD_DESRE182;20;
RCD_DESRE183;40;
RCD_DESRE184;20;
RCD_DESRE185;50;
RCD_DESRE186;20;
RCD_DESRE187;50;
RCD_DESRE188;50;
RCD_DESRE189;100;
RCD_DESRE19;40;
RCD_DESRE190;16.95;
RCD_DESRE191;33.9;
RCD_DESRE192;1.69;
RCD_DESRE193;1.69;
RCD_DESRE194;2.54;
RCD_DESRE195;2.54;
RCD_DESRE196;2.54;
RCD_DESRE197;1.69;
RCD_DESRE198;90;
RCD_DESRE199;10;
RCD_DESRE20;50;
RCD_DESRE200;10;
RCD_DESRE201;20;
RCD_DESRE202;20;
RCD_DESRE203;4.24;
RCD_DESRE204;4.24;
RCD_DESRE205;8.48;
RCD_DESRE206;8.48;
RCD_DESRE207;100;
RCD_DESRE208;100;
RCD_DESRE209;50;
RCD_DESRE21;60;
RCD_DESRE22;70;
RCD_DESRE23;80;
RCD_DESRE24;90;
RCD_DESRE25;50;
RCD_DESRE26;80;
RCD_DESRE27;100;
RCD_DESRE28;120;
RCD_DESRE29;150;
RCD_DESRE30;100;
RCD_DESRE31;50;
RCD_DESRE32;25;
RCD_DESRE33;100;
RCD_DESRE34;50;
RCD_DESRE35;25;
RCD_DESRE36;50;
RCD_DESRE37;30;
RCD_DESRE38;24.58;
RCD_DESRE39;100;
RCD_DESRE40;100;
RCD_DESRE41;100;
RCD_DESRE42;50;
RCD_DESRE43;50;
RCD_DESRE44;30;
RCD_DESRE45;50;
RCD_DESRE46;25;
RCD_DESRE47;100;
RCD_DESRE48;25;
RCD_DESRE49;100;
RCD_DESRE50;50;
RCD_DESRE51;50;
RCD_DESRE52;50;
RCD_DESRE53;1.69;
RCD_DESRE54;2.54;
RCD_DESRE55;3.39;
RCD_DESRE56;5.08;
RCD_DESRE57;1.69;
RCD_DESRE58;2.54;
RCD_DESRE59;3.39;
RCD_DESRE60;5.08;
RCD_DESRE61;6.78;
RCD_DESRE62;10.17;
RCD_DESRE63;100;
RCD_DESRE64;39.9;
RCD_DESRE65;17.71;
RCD_DESRE66;25.34;
RCD_DESRE67;17.71;
RCD_DESRE68;17.78;
RCD_DESRE69;17.71;
RCD_DESRE70;5;
RCD_DESRE71;5;
RCD_DESRE72;10;
RCD_DESRE73;10;
RCD_DESRE74;15;
RCD_DESRE75;15;
RCD_DESRE76;20;
RCD_DESRE77;20;
RCD_DESRE78;30;
RCD_DESRE79;30;
RCD_DESRE80;35;
RCD_DESRE81;35;
RCD_DESRE82;40;
RCD_DESRE83;40;
RCD_DESRE84;50;
RCD_DESRE85;50;
RCD_DESRE86;70;
RCD_DESRE87;70;
RCD_DESRE88;100;
RCD_DESRE89;5;
RCD_DESRE90;5;
RCD_DESRE91;10;
RCD_DESRE92;10;
RCD_DESRE93;15;
RCD_DESRE94;15;
RCD_DESRE95;20;
RCD_DESRE96;20;
RCD_DESRE97;30;
RCD_DESRE98;30;
RCD_DESRE99;35;
RCD_PAQCO01;8.96;
RCD_PAQCO02;4.24;
RCD_PAQCO03;4.24;
RCD_PAQCO04;56.02;
RCD_PAQCO05;8.62;
RCD_PAQCO06;8.62;
RCD_PAQCO07;25.4;
RCD_PAQCO08;10.8;
RCD_PAQCO09;25.4;
RCD_PAQCO10;15.49;
RCD_PAQCO11;38.9;
RCD_PAQCO12;47.37;
RCD_PAQCO13;25.42;
RCD_PAQCO14;50.85;
RCD_PAQCO15;80.51;
RCD_PAQCO16;101.69;
RCD_PAQCO17;126.27;
RCD_PAQCO18;144.07;
RCD_PAQCO19;50.85;
RCD_PAQCO20;72.46;
RCD_PAQCO21;96.61;
RCD_PAQCO22;122.03;
RCD_PAQCO23;84.56;
RCD_PAQCO24;41.25;
RCD_PAQCO25;59.28;
RCD_PAQCO26;118.56;
RCD_PAQCO27;237.12;
RCD_PAQCO28;355.68;
RCD_PAQCO29;34.9;
RCD_PAQCO30;39.9;
RCD_PAQCO31;16.86;
RCD_PAQCO32;21.1;
RCD_PAQCO33;25.34;
RCD_PAQCO34;42.29;
RCD_PAQCO35;50.76;
RCD_PAQCO36;63.47;
RCD_PAQCO37;84.66;
RCD_PAQCO38;152.49;
RCD_PAQCO39;177.91;
RCD_PAQCO40;203.32;
RCD_PAQCO41;228.74;
RCD_PAQCO42;254.15;
RCD_PAQCO43;304.98;
RCD_PAQCO44;330.4;
RCD_PAQCO45;355.81;
RCD_PAQCO46;457.47;
RCD_PAQCO47;508.3;
RCD_PAQNE01;84.75;
RCD_PAQNE02;21.47;
RCD_PAQNE03;28.66;
RCD_PAQNE04;35.84;
RCD_PAQNE05;43.02;
RCD_PAQNE06;50.2;
RCD_PAQNE07;57.38;
RCD_PAQNE08;64.56;
RCD_PAQNE09;30.42;
RCD_PAQNE10;33.81;
RCD_PAQNE11;38.9;
RCD_PAQNE12;42.29;
RCD_PAQNE13;50.76;
RCD_PAQNE14;59.24;
RCD_PAQNE15;59.24;
RCD_PAQNE16;67.71;
RCD_PAQNE17;76.19;
RCD_PAQNE18;81.27;
RCD_PAQNE19;89.74;
RCD_PAQNE20;98.22;
RCD_PAQNE21;101.61;
RCD_PAQNE22;110.08;
RCD_PAQNE23;118.56;
RCD_PAQNE24;254.15;
RCD_PAQNE25;30.42;
RCD_PAQNE26;33.81;
RCD_PAQNE27;38.9;
RCD_PAQNE28;42.29;
RCD_PAQNE29;50.76;
RCD_PAQNE30;59.24;
RCD_PAQNE31;59.24;
RCD_PAQNE32;67.71;
RCD_PAQNE33;76.19;
RCD_PAQNE34;81.27;
RCD_PAQNE35;89.74;
RCD_PAQNE36;98.22;
RCD_PAQNE37;101.61;
RCD_PAQNE38;110.08;
RCD_PAQNE39;118.56;
RCD_PAQNE40;254.15;
RCD_PAQNE41;30.42;
RCD_PAQNE42;33.81;
RCD_PAQNE43;38.9;
RCD_PAQNE44;42.29;
RCD_PAQNE45;50.76;
RCD_PAQNE46;59.24;
RCD_PAQNE47;67.71;
RCD_PAQNE48;76.19;
RCD_PAQNE49;81.27;
RCD_PAQNE50;98.22;
RCD_PAQNE51;101.61;
RCD_PAQNE52;110.08;
RCD_PAQNE53;118.56;
RCD_PAQNE54;254.15;
RCD_PAQNE55;101.69;
RCD_PAQNE56;152.54;
RCD_PAQNE57;152.54;
RCD_PAQNE58;156.69;
RCD_PAQNE59;114.32;
RCD_PAQNE60;97.37;
RCD_PAQNE61;71.66;
RCD_PAQNE62;152.54;
RCD_PAQNE63;47.37;
RCD_PAQNE64;47.37;
RCD_PAQNE65;47.37;
RCD_PAQNE66;38.9;
RCD_PAQNE67;38.9;
RCD_PAQNE68;38.9;
RCD_PAQNE69;30.42;
RCD_PAQNE70;30.42;
RCD_PAQNE71;30.42;
RCD_PAQNE72;25.42;
RCD_PAQNE73;25.42;
RCD_PAQNE74;25.42;
RCD_PAQNE75;381.36;
RCD_PAQNE76;4.8;
RCD_PAQRE01;148.99;
RCD_PAQRE02;33.81;
RCD_PAQRE03;33.81;
RCD_PAQRE04;118.56;
RCD_PAQRE05;110.08;
RCD_PAQRE06;101.61;
RCD_PAQRE07;93.14;
RCD_PAQRE08;84.66;
RCD_PAQRE09;76.19;
RCD_PAQRE10;67.71;
RCD_PAQRE100;21.1;
RCD_PAQRE101;12.6;
RCD_PAQRE102;60.4;
RCD_PAQRE103;78.81;
RCD_PAQRE104;10.9;
RCD_PAQRE105;8.8;
RCD_PAQRE106;5;
RCD_PAQRE107;9.23;
RCD_PAQRE108;12.62;
RCD_PAQRE109;21.1;
RCD_PAQRE11;59.24;
RCD_PAQRE110;29.57;
RCD_PAQRE111;43.13;
RCD_PAQRE112;51.61;
RCD_PAQRE113;63.47;
RCD_PAQRE114;80.42;
RCD_PAQRE115;182.2;
RCD_PAQRE116;148.3;
RCD_PAQRE117;104.23;
RCD_PAQRE118;87.28;
RCD_PAQRE119;76.27;
RCD_PAQRE12;50.76;
RCD_PAQRE120;66.1;
RCD_PAQRE121;52.54;
RCD_PAQRE122;39.83;
RCD_PAQRE123;224.4;
RCD_PAQRE124;188.05;
RCD_PAQRE125;153.22;
RCD_PAQRE126;115.93;
RCD_PAQRE127;93.55;
RCD_PAQRE128;82.71;
RCD_PAQRE129;71.86;
RCD_PAQRE13;42.29;
RCD_PAQRE130;54.91;
RCD_PAQRE131;84.56;
RCD_PAQRE132;47.37;
RCD_PAQRE133;44.83;
RCD_PAQRE134;38.9;
RCD_PAQRE135;36.36;
RCD_PAQRE136;30.42;
RCD_PAQRE137;47.37;
RCD_PAQRE138;44.83;
RCD_PAQRE139;38.9;
RCD_PAQRE14;38.9;
RCD_PAQRE140;36.36;
RCD_PAQRE141;30.42;
RCD_PAQRE142;47.37;
RCD_PAQRE143;44.83;
RCD_PAQRE144;38.9;
RCD_PAQRE145;36.36;
RCD_PAQRE146;30.42;
RCD_PAQRE147;50.84;
RCD_PAQRE148;82.46;
RCD_PAQRE149;101.69;
RCD_PAQRE15;33.81;
RCD_PAQRE150;42.29;
RCD_PAQRE151;33.81;
RCD_PAQRE152;25.34;
RCD_PAQRE153;42.29;
RCD_PAQRE154;33.81;
RCD_PAQRE155;25.34;
RCD_PAQRE156;50.76;
RCD_PAQRE157;50.76;
RCD_PAQRE158;50.76;
RCD_PAQRE159;42.29;
RCD_PAQRE16;30.42;
RCD_PAQRE160;42.29;
RCD_PAQRE161;42.29;
RCD_PAQRE162;33.81;
RCD_PAQRE163;33.81;
RCD_PAQRE164;33.81;
RCD_PAQRE165;27.88;
RCD_PAQRE166;30.42;
RCD_PAQRE167;36.36;
RCD_PAQRE168;38.9;
RCD_PAQRE169;44.83;
RCD_PAQRE17;25.34;
RCD_PAQRE170;47.37;
RCD_PAQRE171;42.29;
RCD_PAQRE172;0.24;
RCD_PAQRE173;102.6;
RCD_PAQRE174;4.24;
RCD_PAQRE175;8.47;
RCD_PAQRE176;12.71;
RCD_PAQRE177;82.46;
RCD_PAQRE178;36.31;
RCD_PAQRE179;5;
RCD_PAQRE18;118.56;
RCD_PAQRE180;10;
RCD_PAQRE181;10;
RCD_PAQRE182;115.82;
RCD_PAQRE183;60.3;
RCD_PAQRE184;47.61;
RCD_PAQRE185;60.3;
RCD_PAQRE186;47.61;
RCD_PAQRE187;60.3;
RCD_PAQRE188;47.61;
RCD_PAQRE189;13.74;
RCD_PAQRE19;110.08;
RCD_PAQRE190;19.76;
RCD_PAQRE191;36.7;
RCD_PAQRE192;27.48;
RCD_PAQRE193;39.52;
RCD_PAQRE194;73.4;
RCD_PAQRE195;29.57;
RCD_PAQRE196;118.56;
RCD_PAQRE197;47.37;
RCD_PAQRE198;60.3;
RCD_PAQRE199;60.3;
RCD_PAQRE20;101.61;
RCD_PAQRE200;27.9;
RCD_PAQRE201;35.5;
RCD_PAQRE202;45.68;
RCD_PAQRE203;47.37;
RCD_PAQRE204;59.24;
RCD_PAQRE205;12.71;
RCD_PAQRE206;16.95;
RCD_PAQRE207;38.9;
RCD_PAQRE208;38.9;
RCD_PAQRE209;31.7;
RCD_PAQRE21;93.14;
RCD_PAQRE210;60.3;
RCD_PAQRE211;12.71;
RCD_PAQRE212;29.58;
RCD_PAQRE213;118.56;
RCD_PAQRE214;220.17;
RCD_PAQRE215;111.43;
RCD_PAQRE216;83.65;
RCD_PAQRE217;12.71;
RCD_PAQRE218;12.73;
RCD_PAQRE219;105.02;
RCD_PAQRE22;84.66;
RCD_PAQRE220;105.02;
RCD_PAQRE221;19.01;
RCD_PAQRE222;22.28;
RCD_PAQRE223;25.46;
RCD_PAQRE224;28.64;
RCD_PAQRE225;31.82;
RCD_PAQRE226;38.19;
RCD_PAQRE227;41.37;
RCD_PAQRE228;44.55;
RCD_PAQRE229;57.28;
RCD_PAQRE23;76.19;
RCD_PAQRE230;63.65;
RCD_PAQRE231;36.31;
RCD_PAQRE232;44.55;
RCD_PAQRE233;19.01;
RCD_PAQRE24;67.71;
RCD_PAQRE25;59.24;
RCD_PAQRE26;50.76;
RCD_PAQRE27;42.29;
RCD_PAQRE28;38.9;
RCD_PAQRE29;33.81;
RCD_PAQRE30;30.42;
RCD_PAQRE31;25.34;
RCD_PAQRE32;72.8;
RCD_PAQRE33;169.41;
RCD_PAQRE34;143.98;
RCD_PAQRE35;127.03;
RCD_PAQRE36;72.8;
RCD_PAQRE37;89.75;
RCD_PAQRE38;89.75;
RCD_PAQRE39;154.56;
RCD_PAQRE40;42.29;
RCD_PAQRE41;50.76;
RCD_PAQRE42;59.24;
RCD_PAQRE43;80.42;
RCD_PAQRE44;93.14;
RCD_PAQRE45;110.08;
RCD_PAQRE46;127.03;
RCD_PAQRE47;42.29;
RCD_PAQRE48;50.76;
RCD_PAQRE49;59.24;
RCD_PAQRE50;84.58;
RCD_PAQRE51;72.8;
RCD_PAQRE52;101.53;
RCD_PAQRE53;89.75;
RCD_PAQRE54;110.08;
RCD_PAQRE55;118.56;
RCD_PAQRE56;179.49;
RCD_PAQRE57;220.17;
RCD_PAQRE58;237.12;
RCD_PAQRE59;0.24;
RCD_PAQRE60;28.81;
RCD_PAQRE61;7.53;
RCD_PAQRE62;93.1;
RCD_PAQRE63;76.2;
RCD_PAQRE64;64.3;
RCD_PAQRE65;55.8;
RCD_PAQRE66;42.3;
RCD_PAQRE67;33.8;
RCD_PAQRE68;25.3;
RCD_PAQRE69;161.02;
RCD_PAQRE70;216.1;
RCD_PAQRE71;355.93;
RCD_PAQRE72;457.63;
RCD_PAQRE73;661.02;
RCD_PAQRE74;1029.66;
RCD_PAQRE75;1144.07;
RCD_PAQRE76;915.25;
RCD_PAQRE77;84.74;
RCD_PAQRE78;169.49;
RCD_PAQRE79;194.92;
RCD_PAQRE80;161.02;
RCD_PAQRE81;116.95;
RCD_PAQRE82;100;
RCD_PAQRE83;88.98;
RCD_PAQRE84;788.81;
RCD_PAQRE85;65.25;
RCD_PAQRE86;52.54;
RCD_PAQRE87;237.11;
RCD_PAQRE88;200.76;
RCD_PAQRE89;165.93;
RCD_PAQRE90;128.64;
RCD_PAQRE91;106.27;
RCD_PAQRE92;95.42;
RCD_PAQRE93;84.57;
RCD_PAQRE94;67.62;
RCD_PAQRE95;80.4;
RCD_PAQRE96;63.5;
RCD_PAQRE97;51.6;
RCD_PAQRE98;43.1;
RCD_PAQRE99;29.6;
RCD1_100PX1M;50;
RCD1_BONPAQ10;7;
RCD1_BONPAQ10;80;
RCD1_BONPAQ413;100;
RCD1_BONPAQ580;100;
RCD1_BONPAQ581;100;
RCD1_BONPAQ582;100;
RCD1_BONPAQ583;100;
RCD1_BONPAQ584;100;
RCD1_BONPAQ585;100;
RCD1_BONPAQ586;100;
RCD1_BONPAQ587;100;
RCD1_BONPAQ588;100;
RCD1_BONPAQ589;100;
RCD1_BONPAQ590;100;
RCD1_BONPAQ591;100;
RCD1_BONPAQ592;100;
RCD1_BONPAQ593;100;
RCD1_BONPAQ594;100;
RCD1_BONPAQ595;100;
RCD1_BONPAQ596;100;
RCD1_DES20;16.95;
RCD1_DESBOL1;1.69;
RCD1_DESBOL10;8.47;
RCD1_DESBOL11;3.39;
RCD1_DESBOL12;5.08;
RCD1_DESBOL13;11.02;
RCD1_DESBOL14;0.85;
RCD1_DESBOL15;1.69;
RCD1_DESBOL16;2.54;
RCD1_DESBOL17;3.39;
RCD1_DESBOL18;4.24;
RCD1_DESBOL19;5.08;
RCD1_DESBOL2;1.69;
RCD1_DESBOL20;16.95;
RCD1_DESBOL21;3.39;
RCD1_DESBOL22;2.54;
RCD1_DESBOL23;6.64;
RCD1_DESBOL24;4.24;
RCD1_DESBOL3;2.54;
RCD1_DESBOL4;3.39;
RCD1_DESBOL5;4.24;
RCD1_DESBOL6;5.08;
RCD1_DESBOL7;5.08;
RCD1_DESBOL8;6.78;
RCD1_DESBOL9;8.47;
RCD1_DESC3PPF;50;
RCD1_DESC4PPF;50;
RCD1_DESC5PPF;50;
RCD1_DESCOR01_1;30;
RCD1_DESCOR01_2;30;
RCD1_DESCOR01_3;30;
RCD1_DESCOR01_4;30;
RCD1_DESCOR01_5;30;
RCD1_DESCOR02;50;
RCD1_DESCOR02_1;50;
RCD1_DESCOR02_2;50;
RCD1_DESCOR02_3;50;
RCD1_DESCOR02_4;50;
RCD1_DESCOR02_5;50;
RCD1_DESCORPL01;1;
RCD1_DESCORPL02;2;
RCD1_DESCORPL03;3;
RCD1_DESCORPL04;4;
RCD1_DESCORPL05;5;
RCD1_DESCORPL06;6;
RCD1_DESCORPL07;7;
RCD1_DESCORPL08;8;
RCD1_DESCORPL09;9;
RCD1_DESCORPL10;10;
RCD1_DESCORPL11;11;
RCD1_DESCORPL12;12;
RCD1_DESCORPL13;13;
RCD1_DESCORPL14;14;
RCD1_DESCORPL15;15;
RCD1_DESCORPL16;16;
RCD1_DESCORPL17;17;
RCD1_DESCORPL18;18;
RCD1_DESCORPL19;19;
RCD1_DESCORPL20;20;
RCD1_DESCORPL21;21;
RCD1_DESCORPL22;22;
RCD1_DESCORPL23;23;
RCD1_DESCORPL24;24;
RCD1_DESCORPL25;25;
RCD1_DESCORPL26;26;
RCD1_DESCORPL27;27;
RCD1_DESCORPL28;28;
RCD1_DESCORPL29;29;
RCD1_DESCORPL30;30;
RCD1_DESCORPL31;31;
RCD1_DESCORPL32;32;
RCD1_DESCORPL33;33;
RCD1_DESCORPL34;34;
RCD1_DESCORPL35;35;
RCD1_DESCORPL36;36;
RCD1_DESCORPL37;37;
RCD1_DESCORPL38;38;
RCD1_DESCORPL39;39;
RCD1_DESCORPL40;40;
RCD1_DESCORPL41;41;
RCD1_DESCORPL42;42;
RCD1_DESCORPL43;43;
RCD1_DESCORPL44;44;
RCD1_DESCORPL45;45;
RCD1_DESCORPL46;46;
RCD1_DESCORPL47;47;
RCD1_DESCORPL48;48;
RCD1_DESCORPL49;49;
RCD1_DESCORPL50;50;
RCD1_DESCORPL51;51;
RCD1_DESCORPL52;52;
RCD1_DESCORPL53;53;
RCD1_DESCORPL54;54;
RCD1_DESCORPL55;55;
RCD1_DESCORPL56;56;
RCD1_DESCORPL57;57;
RCD1_DESCORPL58;58;
RCD1_DESCORPL59;59;
RCD1_DESCORPL60;60;
RCD1_DESCORPL61;61;
RCD1_DESCORPL62;62;
RCD1_DESCORPL63;63;
RCD1_DESCORPL64;64;
RCD1_DESCORPL65;65;
RCD1_DESCORPL66;66;
RCD1_DESCORPL67;67;
RCD1_DESCORPL68;68;
RCD1_DESCORPL69;69;
RCD1_DESCORPL70;70;
RCD1_DESCORPL71;71;
RCD1_DESCORPL72;72;
RCD1_DESCORPL73;73;
RCD1_DESCORPL74;74;
RCD1_DESCORPL75;75;
RCD1_DESCORPL76;76;
RCD1_DESCORPL77;77;
RCD1_DESCORPL78;78;
RCD1_DESCORPL79;79;
RCD1_DESCORPL80;80;
RCD1_DESCORPL81;81;
RCD1_DESCORPL82;82;
RCD1_DESCORPL83;83;
RCD1_DESCORPL84;84;
RCD1_DESCORPL85;85;
RCD1_DESCORPL86;86;
RCD1_DESCORPL87;87;
RCD1_DESCORPL88;88;
RCD1_DESCORPL89;89;
RCD1_DESCORPL90;90;
RCD1_DESCORPL91;91;
RCD1_DESCORPL92;92;
RCD1_DESCORPL93;93;
RCD1_DESCORPL94;94;
RCD1_DESCORPL95;95;
RCD1_DESCORPL96;96;
RCD1_DESCORPL97;97;
RCD1_DESCORPL98;98;
RCD1_DESCORPL99;99;
RCD1_DESCORPO01;30;
RCD1_DESCORPQ01;1;
RCD1_DESCORPQ02;2;
RCD1_DESCORPQ03;3;
RCD1_DESCORPQ04;4;
RCD1_DESCORPQ05;5;
RCD1_DESCORPQ06;6;
RCD1_DESCORPQ07;7;
RCD1_DESCORPQ08;8;
RCD1_DESCORPQ09;9;
RCD1_DESCORPQ10;10;
RCD1_DESCORPQ11;11;
RCD1_DESCORPQ12;12;
RCD1_DESCORPQ13;13;
RCD1_DESCORPQ14;14;
RCD1_DESCORPQ15;15;
RCD1_DESCORPQ16;16;
RCD1_DESCORPQ17;17;
RCD1_DESCORPQ18;18;
RCD1_DESCORPQ19;19;
RCD1_DESCORPQ20;20;
RCD1_DESCORPQ21;21;
RCD1_DESCORPQ22;22;
RCD1_DESCORPQ23;23;
RCD1_DESCORPQ24;24;
RCD1_DESCORPQ25;25;
RCD1_DESCORPQ26;26;
RCD1_DESCORPQ27;27;
RCD1_DESCORPQ28;28;
RCD1_DESCORPQ29;29;
RCD1_DESCORPQ30;30;
RCD1_DESCORPQ31;31;
RCD1_DESCORPQ32;32;
RCD1_DESCORPQ33;33;
RCD1_DESCORPQ34;34;
RCD1_DESCORPQ35;35;
RCD1_DESCORPQ36;36;
RCD1_DESCORPQ37;37;
RCD1_DESCORPQ38;38;
RCD1_DESCORPQ39;39;
RCD1_DESCORPQ40;40;
RCD1_DESCORPQ41;41;
RCD1_DESCORPQ42;42;
RCD1_DESCORPQ43;43;
RCD1_DESCORPQ44;44;
RCD1_DESCORPQ45;45;
RCD1_DESCORPQ46;46;
RCD1_DESCORPQ47;47;
RCD1_DESCORPQ48;48;
RCD1_DESCORPQ49;49;
RCD1_DESCORPQ50;50;
RCD1_DESCORPQ51;51;
RCD1_DESCORPQ52;52;
RCD1_DESCORPQ53;53;
RCD1_DESCORPQ54;54;
RCD1_DESCORPQ55;55;
RCD1_DESCORPQ56;56;
RCD1_DESCORPQ57;57;
RCD1_DESCORPQ58;58;
RCD1_DESCORPQ59;59;
RCD1_DESCORPQ60;60;
RCD1_DESCORPQ61;61;
RCD1_DESCORPQ62;62;
RCD1_DESCORPQ63;63;
RCD1_DESCORPQ64;64;
RCD1_DESCORPQ65;65;
RCD1_DESCORPQ66;66;
RCD1_DESCORPQ67;67;
RCD1_DESCORPQ68;68;
RCD1_DESCORPQ69;69;
RCD1_DESCORPQ70;70;
RCD1_DESCORPQ71;71;
RCD1_DESCORPQ72;72;
RCD1_DESCORPQ73;73;
RCD1_DESCORPQ74;74;
RCD1_DESCORPQ75;75;
RCD1_DESCORPQ76;76;
RCD1_DESCORPQ77;77;
RCD1_DESCORPQ78;78;
RCD1_DESCORPQ79;79;
RCD1_DESCORPQ80;80;
RCD1_DESCORPQ81;81;
RCD1_DESCORPQ82;82;
RCD1_DESCORPQ83;83;
RCD1_DESCORPQ84;84;
RCD1_DESCORPQ85;85;
RCD1_DESCORPQ86;86;
RCD1_DESCORPQ87;87;
RCD1_DESCORPQ88;88;
RCD1_DESCORPQ89;89;
RCD1_DESCORPQ90;90;
RCD1_DESCORPQ91;91;
RCD1_DESCORPQ92;92;
RCD1_DESCORPQ93;93;
RCD1_DESCORPQ94;94;
RCD1_DESCORPQ95;95;
RCD1_DESCORPQ96;96;
RCD1_DESCORPQ97;97;
RCD1_DESCORPQ98;98;
RCD1_DESCORPQ99;99;
RCD1_MENPE4;30;
